TaxNodeID	TaxName	TotalReads	AvgDuplicity	AvgMeanDust	AvgDamage+1	FLB00mA_ds3_1_euk_TotalReads	FLB00mA_ds3_1_euk_Duplicity	FLB00mA_ds3_1_euk_MeanDust	FLB00mA_ds3_1_euk_Damage+1	FLB00mA_ss4_1_euk_TotalReads	FLB00mA_ss4_1_euk_Duplicity	FLB00mA_ss4_1_euk_MeanDust	FLB00mA_ss4_1_euk_Damage+1	FLB00mA_ss4_2a_euk_TotalReads	FLB00mA_ss4_2a_euk_Duplicity	FLB00mA_ss4_2a_euk_MeanDust	FLB00mA_ss4_2a_euk_Damage+1	FLB00mA_ss4_2b_euk_TotalReads	FLB00mA_ss4_2b_euk_Duplicity	FLB00mA_ss4_2b_euk_MeanDust	FLB00mA_ss4_2b_euk_Damage+1	FLB00mB_ds3_1_euk_TotalReads	FLB00mB_ds3_1_euk_Duplicity	FLB00mB_ds3_1_euk_MeanDust	FLB00mB_ds3_1_euk_Damage+1	FLB00mB_ss4_1_euk_TotalReads	FLB00mB_ss4_1_euk_Duplicity	FLB00mB_ss4_1_euk_MeanDust	FLB00mB_ss4_1_euk_Damage+1	FLB01mA_ds2_1_euk_TotalReads	FLB01mA_ds2_1_euk_Duplicity	FLB01mA_ds2_1_euk_MeanDust	FLB01mA_ds2_1_euk_Damage+1	FLB01mA_ds3_1_euk_TotalReads	FLB01mA_ds3_1_euk_Duplicity	FLB01mA_ds3_1_euk_MeanDust	FLB01mA_ds3_1_euk_Damage+1	FLB01mA_ss4_1_euk_TotalReads	FLB01mA_ss4_1_euk_Duplicity	FLB01mA_ss4_1_euk_MeanDust	FLB01mA_ss4_1_euk_Damage+1	FLB01mB_ds3_1_euk_TotalReads	FLB01mB_ds3_1_euk_Duplicity	FLB01mB_ds3_1_euk_MeanDust	FLB01mB_ds3_1_euk_Damage+1	FLB01mB_ss4_1_euk_TotalReads	FLB01mB_ss4_1_euk_Duplicity	FLB01mB_ss4_1_euk_MeanDust	FLB01mB_ss4_1_euk_Damage+1	FLB03mA_ds3_1_euk_TotalReads	FLB03mA_ds3_1_euk_Duplicity	FLB03mA_ds3_1_euk_MeanDust	FLB03mA_ds3_1_euk_Damage+1	FLB03mA_ss4_1_euk_TotalReads	FLB03mA_ss4_1_euk_Duplicity	FLB03mA_ss4_1_euk_MeanDust	FLB03mA_ss4_1_euk_Damage+1	FLB03mA_ss4_2_euk_TotalReads	FLB03mA_ss4_2_euk_Duplicity	FLB03mA_ss4_2_euk_MeanDust	FLB03mA_ss4_2_euk_Damage+1	FLB05mA_ds3_1_euk_TotalReads	FLB05mA_ds3_1_euk_Duplicity	FLB05mA_ds3_1_euk_MeanDust	FLB05mA_ds3_1_euk_Damage+1	FLB05mA_ss4_1_euk_TotalReads	FLB05mA_ss4_1_euk_Duplicity	FLB05mA_ss4_1_euk_MeanDust	FLB05mA_ss4_1_euk_Damage+1	FLB05mA_ss4_2_euk_TotalReads	FLB05mA_ss4_2_euk_Duplicity	FLB05mA_ss4_2_euk_MeanDust	FLB05mA_ss4_2_euk_Damage+1	FLB05mB_ds3_1_euk_TotalReads	FLB05mB_ds3_1_euk_Duplicity	FLB05mB_ds3_1_euk_MeanDust	FLB05mB_ds3_1_euk_Damage+1	FLB05mB_ss4_1_euk_TotalReads	FLB05mB_ss4_1_euk_Duplicity	FLB05mB_ss4_1_euk_MeanDust	FLB05mB_ss4_1_euk_Damage+1	FLB05mB_ss4_2a_euk_TotalReads	FLB05mB_ss4_2a_euk_Duplicity	FLB05mB_ss4_2a_euk_MeanDust	FLB05mB_ss4_2a_euk_Damage+1	FLB05mB_ss4_2b_euk_TotalReads	FLB05mB_ss4_2b_euk_Duplicity	FLB05mB_ss4_2b_euk_MeanDust	FLB05mB_ss4_2b_euk_Damage+1	FLB05mB_ss4_3a_euk_TotalReads	FLB05mB_ss4_3a_euk_Duplicity	FLB05mB_ss4_3a_euk_MeanDust	FLB05mB_ss4_3a_euk_Damage+1	FLB05mB_ss4_3b_euk_TotalReads	FLB05mB_ss4_3b_euk_Duplicity	FLB05mB_ss4_3b_euk_MeanDust	FLB05mB_ss4_3b_euk_Damage+1	FLB06mA_ds3_1_euk_TotalReads	FLB06mA_ds3_1_euk_Duplicity	FLB06mA_ds3_1_euk_MeanDust	FLB06mA_ds3_1_euk_Damage+1	FLB06mA_ss4_1_euk_TotalReads	FLB06mA_ss4_1_euk_Duplicity	FLB06mA_ss4_1_euk_MeanDust	FLB06mA_ss4_1_euk_Damage+1	FLB06mA_ss4_2_euk_TotalReads	FLB06mA_ss4_2_euk_Duplicity	FLB06mA_ss4_2_euk_MeanDust	FLB06mA_ss4_2_euk_Damage+1	FLB06mB_ds3_1_euk_TotalReads	FLB06mB_ds3_1_euk_Duplicity	FLB06mB_ds3_1_euk_MeanDust	FLB06mB_ds3_1_euk_Damage+1	FLB06mB_ss4_1_euk_TotalReads	FLB06mB_ss4_1_euk_Duplicity	FLB06mB_ss4_1_euk_MeanDust	FLB06mB_ss4_1_euk_Damage+1	FLB06mB_ss4_2a_euk_TotalReads	FLB06mB_ss4_2a_euk_Duplicity	FLB06mB_ss4_2a_euk_MeanDust	FLB06mB_ss4_2a_euk_Damage+1	FLB06mB_ss4_2b_euk_TotalReads	FLB06mB_ss4_2b_euk_Duplicity	FLB06mB_ss4_2b_euk_MeanDust	FLB06mB_ss4_2b_euk_Damage+1	FLB08mA_ds1_1_euk_TotalReads	FLB08mA_ds1_1_euk_Duplicity	FLB08mA_ds1_1_euk_MeanDust	FLB08mA_ds1_1_euk_Damage+1	FLB08mA_ds2_1_euk_TotalReads	FLB08mA_ds2_1_euk_Duplicity	FLB08mA_ds2_1_euk_MeanDust	FLB08mA_ds2_1_euk_Damage+1	FLB08mA_ds3_1_euk_TotalReads	FLB08mA_ds3_1_euk_Duplicity	FLB08mA_ds3_1_euk_MeanDust	FLB08mA_ds3_1_euk_Damage+1	FLB08mA_ss4_1_euk_TotalReads	FLB08mA_ss4_1_euk_Duplicity	FLB08mA_ss4_1_euk_MeanDust	FLB08mA_ss4_1_euk_Damage+1	FLB08mA_ss4_2b_euk_TotalReads	FLB08mA_ss4_2b_euk_Duplicity	FLB08mA_ss4_2b_euk_MeanDust	FLB08mA_ss4_2b_euk_Damage+1	FLB08mB_ds3_1_euk_TotalReads	FLB08mB_ds3_1_euk_Duplicity	FLB08mB_ds3_1_euk_MeanDust	FLB08mB_ds3_1_euk_Damage+1	FLB08mB_ss4_1_euk_TotalReads	FLB08mB_ss4_1_euk_Duplicity	FLB08mB_ss4_1_euk_MeanDust	FLB08mB_ss4_1_euk_Damage+1	FLB08mB_ss4_2a_euk_TotalReads	FLB08mB_ss4_2a_euk_Duplicity	FLB08mB_ss4_2a_euk_MeanDust	FLB08mB_ss4_2a_euk_Damage+1	FLB10mA_ds3_1_euk_TotalReads	FLB10mA_ds3_1_euk_Duplicity	FLB10mA_ds3_1_euk_MeanDust	FLB10mA_ds3_1_euk_Damage+1	FLB10mA_ss4_1_euk_TotalReads	FLB10mA_ss4_1_euk_Duplicity	FLB10mA_ss4_1_euk_MeanDust	FLB10mA_ss4_1_euk_Damage+1	FLB10mA_ss4_2a_euk_TotalReads	FLB10mA_ss4_2a_euk_Duplicity	FLB10mA_ss4_2a_euk_MeanDust	FLB10mA_ss4_2a_euk_Damage+1	FLB10mA_ss4_2b_euk_TotalReads	FLB10mA_ss4_2b_euk_Duplicity	FLB10mA_ss4_2b_euk_MeanDust	FLB10mA_ss4_2b_euk_Damage+1	FLB10mA_ss4_3a_euk_TotalReads	FLB10mA_ss4_3a_euk_Duplicity	FLB10mA_ss4_3a_euk_MeanDust	FLB10mA_ss4_3a_euk_Damage+1	FLB10mA_ss4_3b_euk_TotalReads	FLB10mA_ss4_3b_euk_Duplicity	FLB10mA_ss4_3b_euk_MeanDust	FLB10mA_ss4_3b_euk_Damage+1	FLB10mB_ds3_1_euk_TotalReads	FLB10mB_ds3_1_euk_Duplicity	FLB10mB_ds3_1_euk_MeanDust	FLB10mB_ds3_1_euk_Damage+1	FLB10mB_ss4_1_euk_TotalReads	FLB10mB_ss4_1_euk_Duplicity	FLB10mB_ss4_1_euk_MeanDust	FLB10mB_ss4_1_euk_Damage+1	FLB10mB_ss4_2a_euk_TotalReads	FLB10mB_ss4_2a_euk_Duplicity	FLB10mB_ss4_2a_euk_MeanDust	FLB10mB_ss4_2a_euk_Damage+1	FLB10mB_ss4_2b_euk_TotalReads	FLB10mB_ss4_2b_euk_Duplicity	FLB10mB_ss4_2b_euk_MeanDust	FLB10mB_ss4_2b_euk_Damage+1	FLB10mB_ss4_3a_euk_TotalReads	FLB10mB_ss4_3a_euk_Duplicity	FLB10mB_ss4_3a_euk_MeanDust	FLB10mB_ss4_3a_euk_Damage+1	FLB10mB_ss4_3b_euk_TotalReads	FLB10mB_ss4_3b_euk_Duplicity	FLB10mB_ss4_3b_euk_MeanDust	FLB10mB_ss4_3b_euk_Damage+1	FLB10mSdA_ds3_1_euk_TotalReads	FLB10mSdA_ds3_1_euk_Duplicity	FLB10mSdA_ds3_1_euk_MeanDust	FLB10mSdA_ds3_1_euk_Damage+1	FLB10mSdA_ss4_1_euk_TotalReads	FLB10mSdA_ss4_1_euk_Duplicity	FLB10mSdA_ss4_1_euk_MeanDust	FLB10mSdA_ss4_1_euk_Damage+1	FLB10mSdA_ss4_2a_euk_TotalReads	FLB10mSdA_ss4_2a_euk_Duplicity	FLB10mSdA_ss4_2a_euk_MeanDust	FLB10mSdA_ss4_2a_euk_Damage+1	FLB10mSdA_ss4_2b_euk_TotalReads	FLB10mSdA_ss4_2b_euk_Duplicity	FLB10mSdA_ss4_2b_euk_MeanDust	FLB10mSdA_ss4_2b_euk_Damage+1	FLB10mSdB_ds3_1_euk_TotalReads	FLB10mSdB_ds3_1_euk_Duplicity	FLB10mSdB_ds3_1_euk_MeanDust	FLB10mSdB_ds3_1_euk_Damage+1	FLB12mA_ds3_1_euk_TotalReads	FLB12mA_ds3_1_euk_Duplicity	FLB12mA_ds3_1_euk_MeanDust	FLB12mA_ds3_1_euk_Damage+1	FLB12mA_ss4_1_euk_TotalReads	FLB12mA_ss4_1_euk_Duplicity	FLB12mA_ss4_1_euk_MeanDust	FLB12mA_ss4_1_euk_Damage+1	FLB12mB_ds3_1_euk_TotalReads	FLB12mB_ds3_1_euk_Duplicity	FLB12mB_ds3_1_euk_MeanDust	FLB12mB_ds3_1_euk_Damage+1	FLB13mNA_ds3_1_euk_TotalReads	FLB13mNA_ds3_1_euk_Duplicity	FLB13mNA_ds3_1_euk_MeanDust	FLB13mNA_ds3_1_euk_Damage+1	FLB13mNB_ds3_1_euk_TotalReads	FLB13mNB_ds3_1_euk_Duplicity	FLB13mNB_ds3_1_euk_MeanDust	FLB13mNB_ds3_1_euk_Damage+1	FLB13mNB_ss4_1_euk_TotalReads	FLB13mNB_ss4_1_euk_Duplicity	FLB13mNB_ss4_1_euk_MeanDust	FLB13mNB_ss4_1_euk_Damage+1	FLB13mSA_ds2_1_euk_TotalReads	FLB13mSA_ds2_1_euk_Duplicity	FLB13mSA_ds2_1_euk_MeanDust	FLB13mSA_ds2_1_euk_Damage+1	FLB16mNdA_ds2_1_euk_TotalReads	FLB16mNdA_ds2_1_euk_Duplicity	FLB16mNdA_ds2_1_euk_MeanDust	FLB16mNdA_ds2_1_euk_Damage+1	FLB16mNdA_ds3_1_euk_TotalReads	FLB16mNdA_ds3_1_euk_Duplicity	FLB16mNdA_ds3_1_euk_MeanDust	FLB16mNdA_ds3_1_euk_Damage+1	FLB16mNdA_ss4_1_euk_TotalReads	FLB16mNdA_ss4_1_euk_Duplicity	FLB16mNdA_ss4_1_euk_MeanDust	FLB16mNdA_ss4_1_euk_Damage+1	FLB16mNdA_ss4_2a_euk_TotalReads	FLB16mNdA_ss4_2a_euk_Duplicity	FLB16mNdA_ss4_2a_euk_MeanDust	FLB16mNdA_ss4_2a_euk_Damage+1	FLB16mNdA_ss4_2b_euk_TotalReads	FLB16mNdA_ss4_2b_euk_Duplicity	FLB16mNdA_ss4_2b_euk_MeanDust	FLB16mNdA_ss4_2b_euk_Damage+1	FLB16mNdB_ds3_1_euk_TotalReads	FLB16mNdB_ds3_1_euk_Duplicity	FLB16mNdB_ds3_1_euk_MeanDust	FLB16mNdB_ds3_1_euk_Damage+1	FLB16mNdB_ss4_1_euk_TotalReads	FLB16mNdB_ss4_1_euk_Duplicity	FLB16mNdB_ss4_1_euk_MeanDust	FLB16mNdB_ss4_1_euk_Damage+1	FLB16mNdB_ss4_2_euk_TotalReads	FLB16mNdB_ss4_2_euk_Duplicity	FLB16mNdB_ss4_2_euk_MeanDust	FLB16mNdB_ss4_2_euk_Damage+1	FLB16mNuA_ds2_1_euk_TotalReads	FLB16mNuA_ds2_1_euk_Duplicity	FLB16mNuA_ds2_1_euk_MeanDust	FLB16mNuA_ds2_1_euk_Damage+1	FLB16mNuA_ds3_1_euk_TotalReads	FLB16mNuA_ds3_1_euk_Duplicity	FLB16mNuA_ds3_1_euk_MeanDust	FLB16mNuA_ds3_1_euk_Damage+1	FLB16mNuA_ss4_1_euk_TotalReads	FLB16mNuA_ss4_1_euk_Duplicity	FLB16mNuA_ss4_1_euk_MeanDust	FLB16mNuA_ss4_1_euk_Damage+1	FLB16mNuA_ss4_2_euk_TotalReads	FLB16mNuA_ss4_2_euk_Duplicity	FLB16mNuA_ss4_2_euk_MeanDust	FLB16mNuA_ss4_2_euk_Damage+1	FLB16mNuA_ss4_3_euk_TotalReads	FLB16mNuA_ss4_3_euk_Duplicity	FLB16mNuA_ss4_3_euk_MeanDust	FLB16mNuA_ss4_3_euk_Damage+1	FLB16mNuA_ss4_4_euk_TotalReads	FLB16mNuA_ss4_4_euk_Duplicity	FLB16mNuA_ss4_4_euk_MeanDust	FLB16mNuA_ss4_4_euk_Damage+1	FLB16mNuB_ds3_1_euk_TotalReads	FLB16mNuB_ds3_1_euk_Duplicity	FLB16mNuB_ds3_1_euk_MeanDust	FLB16mNuB_ds3_1_euk_Damage+1	FLB18mB_ds3_1_euk_TotalReads	FLB18mB_ds3_1_euk_Duplicity	FLB18mB_ds3_1_euk_MeanDust	FLB18mB_ds3_1_euk_Damage+1	FLB34mA_ss4_1_euk_TotalReads	FLB34mA_ss4_1_euk_Duplicity	FLB34mA_ss4_1_euk_MeanDust	FLB34mA_ss4_1_euk_Damage+1	FLB38mA_ds2_1_euk_TotalReads	FLB38mA_ds2_1_euk_Duplicity	FLB38mA_ds2_1_euk_MeanDust	FLB38mA_ds2_1_euk_Damage+1	FLB38mA_ds3_1_euk_TotalReads	FLB38mA_ds3_1_euk_Duplicity	FLB38mA_ds3_1_euk_MeanDust	FLB38mA_ds3_1_euk_Damage+1	FLB38mA_ss4_1_euk_TotalReads	FLB38mA_ss4_1_euk_Duplicity	FLB38mA_ss4_1_euk_MeanDust	FLB38mA_ss4_1_euk_Damage+1	FLB38mA_ss4_2a_euk_TotalReads	FLB38mA_ss4_2a_euk_Duplicity	FLB38mA_ss4_2a_euk_MeanDust	FLB38mA_ss4_2a_euk_Damage+1	FLB38mA_ss4_2b_euk_TotalReads	FLB38mA_ss4_2b_euk_Duplicity	FLB38mA_ss4_2b_euk_MeanDust	FLB38mA_ss4_2b_euk_Damage+1	FLB38mB_ds3_1_euk_TotalReads	FLB38mB_ds3_1_euk_Duplicity	FLB38mB_ds3_1_euk_MeanDust	FLB38mB_ds3_1_euk_Damage+1	FLB38mB_ss4_1_euk_TotalReads	FLB38mB_ss4_1_euk_Duplicity	FLB38mB_ss4_1_euk_MeanDust	FLB38mB_ss4_1_euk_Damage+1	FLB45mA_ds2_1_euk_TotalReads	FLB45mA_ds2_1_euk_Duplicity	FLB45mA_ds2_1_euk_MeanDust	FLB45mA_ds2_1_euk_Damage+1	FLB45mA_ds3_1_euk_TotalReads	FLB45mA_ds3_1_euk_Duplicity	FLB45mA_ds3_1_euk_MeanDust	FLB45mA_ds3_1_euk_Damage+1	FLB45mA_ss4_1_euk_TotalReads	FLB45mA_ss4_1_euk_Duplicity	FLB45mA_ss4_1_euk_MeanDust	FLB45mA_ss4_1_euk_Damage+1	FLB45mA_ss4_2_euk_TotalReads	FLB45mA_ss4_2_euk_Duplicity	FLB45mA_ss4_2_euk_MeanDust	FLB45mA_ss4_2_euk_Damage+1	FLB45mB_ds3_1_euk_TotalReads	FLB45mB_ds3_1_euk_Duplicity	FLB45mB_ds3_1_euk_MeanDust	FLB45mB_ds3_1_euk_Damage+1	FLB45mB_ss4_1_euk_TotalReads	FLB45mB_ss4_1_euk_Duplicity	FLB45mB_ss4_1_euk_MeanDust	FLB45mB_ss4_1_euk_Damage+1	FLB45mB_ss4_2_euk_TotalReads	FLB45mB_ss4_2_euk_Duplicity	FLB45mB_ss4_2_euk_MeanDust	FLB45mB_ss4_2_euk_Damage+1	FLB54mA_ds3_1_euk_TotalReads	FLB54mA_ds3_1_euk_Duplicity	FLB54mA_ds3_1_euk_MeanDust	FLB54mA_ds3_1_euk_Damage+1	FLB57mdA_ds2_1_euk_TotalReads	FLB57mdA_ds2_1_euk_Duplicity	FLB57mdA_ds2_1_euk_MeanDust	FLB57mdA_ds2_1_euk_Damage+1	FLB57mdA_ds2_2_euk_TotalReads	FLB57mdA_ds2_2_euk_Duplicity	FLB57mdA_ds2_2_euk_MeanDust	FLB57mdA_ds2_2_euk_Damage+1	FLB57mdA_ds3_1_euk_TotalReads	FLB57mdA_ds3_1_euk_Duplicity	FLB57mdA_ds3_1_euk_MeanDust	FLB57mdA_ds3_1_euk_Damage+1	FLB57mdB_ds3_1_euk_TotalReads	FLB57mdB_ds3_1_euk_Duplicity	FLB57mdB_ds3_1_euk_MeanDust	FLB57mdB_ds3_1_euk_Damage+1	FLB57muA_ds3_1_euk_TotalReads	FLB57muA_ds3_1_euk_Duplicity	FLB57muA_ds3_1_euk_MeanDust	FLB57muA_ds3_1_euk_Damage+1	FLB57muA_ss4_1_euk_TotalReads	FLB57muA_ss4_1_euk_Duplicity	FLB57muA_ss4_1_euk_MeanDust	FLB57muA_ss4_1_euk_Damage+1	FLB57muB_ds3_1_euk_TotalReads	FLB57muB_ds3_1_euk_Duplicity	FLB57muB_ds3_1_euk_MeanDust	FLB57muB_ds3_1_euk_Damage+1	taxpath
48230	"Dryas"	472353	1.0261	5.4862	0.5486	9291	1.01	4.68	0.5929	4639	1.22	4.75	0.5082	14241	1.0	4.64	0.5258	16410	1.01	4.68	0.5124	20443	1.01	4.67	0.6097	708	1.53	4.8	0.4031	103	1.19	6.42	0.25	9236	1.01	5.03	0.5101	2603	1.01	5.06	0.4171	38348	1.03	5.14	0.531	1566	1.01	5.42	0.4148	28255	1.02	5.35	0.6231	12929	1.02	5.53	0.4886	3019	1.0	5.36	0.5309	17955	1.03	5.36	0.6313	2459	1.0	5.49	0.4659	3418	1.01	5.54	0.4333	759	1.0	5.16	0.5341	1320	1.01	5.63	0.4035	1624	1.01	5.73	0.373	1758	1.01	5.64	0.3933	1703	1.01	5.59	0.4066	1621	1.0	5.54	0.4435	28717	1.04	5.63	0.6	3592	1.0	5.65	0.5372	3268	1.01	5.61	0.5068	23644	1.03	5.55	0.5988	16159	1.01	5.6	0.4929	8391	1.0	5.59	0.4547	10766	1.01	5.63	0.4486	6972	1.03	5.53	0.655	11941	1.04	5.6	0.6612	32190	1.04	5.57	0.5886	25158	1.03	5.74	0.488	4263	1.01	5.97	0.4466	8941	1.03	5.88	0.5348	1276	1.0	5.84	0.48	3574	1.0	6.05	0.4611	265	1.0	5.76	0.4722	436	1.01	5.5	0.3137	140	1.0	6.38	0.2963	68	1.0	6.04	0.2222	83	1.02	6.31	0.2222	47	1.01	7.37	0.2857	3616	1.01	5.7	0.5341	1471	1.01	5.96	0.4583	2183	1.0	6.06	0.479	1595	1.0	6.19	0.4785	3091	1.01	5.77	0.438	2220	1.01	5.83	0.4567	10304	1.02	5.9	0.6212	3248	1.01	6.09	0.4509	1590	1.01	6.01	0.4502	2270	1.0	5.99	0.4711	4100	1.01	5.96	0.5717	2150	1.02	6.17	0.5702	499	1.0	5.92	0.5349	2331	1.03	5.79	0.556	997	1.0	6.01	0.5872	2821	1.01	6.15	0.5836	479	1.0	6.18	0.5283	149	1.0	6.35	0.5652	2532	1.03	6.33	0.6368	3506	1.04	6.18	0.5764	710	1.01	5.97	0.5319	600	1.01	6.07	0.4725	625	1.01	5.96	0.4247	7582	1.04	6.16	0.5876	166	1.01	6.2	0.4091	2071	1.02	6.21	0.4286	1234	1.02	5.93	0.6812	4072	1.03	6.2	0.5889	1710	1.33	6.04	0.3846	896	1.0	6.09	0.5091	133	1.0	6.26	0.625	213	1.01	6.33	0.5556	1299	1.01	5.86	0.5887	7900	1.04	6.01	0.5538	399	1.47	5.11	0.2097	1733	1.0	5.8	0.6898	1856	1.02	6.1	0.62	353	1.1	5.76	0.4681	1083	1.0	6.27	0.5645	697	1.01	6.35	0.55	278	1.01	6.06	0.4722	267	1.01	6.28	0.5667	6	1.0	3.11	1.0	393	1.04	5.16	0.3968	194	1.14	5.6	0.2609	45	0.99	5.01	0.5714	169	1.01	6.2	0.6	126	1.13	6.73	0.4545	45	1.04	6.82	0.2	2	1.38	5.29	0.0	19	1.06	8.2	0.0	2	1.0	9.38	0.0	20	0.99	6.77	0.6667	1	1.0	3.03	0.0	2	1.0	7.93	0.0	0	NA	NA	NA	1	1.0	4.03	1.0	"48230:Dryas:genus;721791:Dryadoideae:subfamily;3745:Rosaceae:family;3744:Rosales:order;91835:fabids:clade;71275:rosids:clade;1437201:Pentapetalae:clade;91827:Gunneridae:clade;71240:eudicotyledons:clade;1437183:Mesangiospermae:clade;3398:Magnoliopsida:class;58024:Spermatophyta:clade;78536:Euphyllophyta:clade;58023:Tracheophyta:clade;3193:Embryophyta:clade;131221:Streptophytina:subphylum;35493:Streptophyta:phylum;33090:Viridiplantae:kingdom;2759:Eukaryota:domain;131567:cellular organisms:cellular root;1:root:no rank"
40685	"Salix"	144775	1.0241	6.0014	0.4625	1992	1.01	5.1	0.5556	1287	1.01	5.02	0.3989	2322	1.01	5.02	0.4601	2603	1.02	4.93	0.476	2936	1.0	4.95	0.5014	114	1.0	5.01	0.4	26	1.04	6.04	0.6	1343	1.02	5.59	0.3759	500	0.99	5.32	0.2639	3720	1.02	5.54	0.4789	161	0.99	5.77	0.4286	2336	1.0	5.75	0.6175	1355	1.0	6.0	0.4286	316	0.99	5.82	0.3333	2655	1.01	5.88	0.6159	801	1.02	5.68	0.3776	853	1.02	5.53	0.3673	486	1.01	6.35	0.3529	603	1.01	5.79	0.194	768	1.01	5.82	0.3256	795	1.01	5.97	0.33	683	1.01	6.0	0.2656	659	1.01	6.1	0.2239	5932	1.02	6.0	0.5278	449	1.0	5.94	0.4677	861	1.02	5.89	0.3976	4829	1.02	5.91	0.5396	3086	1.04	6.01	0.4313	1528	1.03	6.12	0.3265	1965	1.05	5.93	0.3791	912	1.02	5.49	0.661	1651	1.02	5.72	0.6163	18452	1.05	5.86	0.4901	14942	1.03	5.96	0.425	3688	1.02	6.03	0.3593	2357	1.02	6.06	0.4709	535	1.02	5.71	0.4308	3020	1.01	6.03	0.3902	120	1.01	6.46	0.6154	278	1.01	5.71	0.35	96	1.0	6.09	0.3	75	1.01	6.31	0.3333	69	1.0	6.7	0.2857	43	1.0	7.08	0.0	1235	1.0	6.05	0.5041	405	1.0	5.77	0.3585	695	1.01	6.26	0.4086	481	1.02	6.11	0.3455	686	1.01	6.28	0.4444	464	1.01	6.2	0.3818	4202	1.02	6.35	0.5446	1340	1.01	6.55	0.4375	695	1.01	6.55	0.4483	1062	1.0	6.46	0.395	7872	1.03	6.24	0.4317	1267	1.0	6.45	0.5203	164	1.0	6.68	0.3333	1035	1.01	6.35	0.3364	1882	1.03	6.86	0.5593	1888	1.0	6.68	0.5515	239	1.0	6.37	0.4545	289	1.03	6.16	0.68	421	1.02	6.76	0.5667	2248	1.05	6.56	0.5202	158	1.01	5.84	0.3636	297	1.02	6.49	0.275	295	1.0	6.46	0.4722	4695	1.04	6.59	0.4643	56	1.01	5.92	0.1111	1453	1.02	6.16	0.3779	169	1.01	5.98	0.4545	943	1.01	6.69	0.5256	621	1.01	6.49	0.2759	422	0.99	6.4	0.4884	96	1.0	6.42	0.5	93	1.0	6.67	0.1818	945	1.01	6.49	0.4681	4399	1.04	6.24	0.4665	143	0.99	5.6	0.2632	2293	1.01	6.27	0.6351	1695	1.01	6.79	0.5035	183	1.0	6.42	0.3684	518	1.04	6.52	0.3793	389	1.02	6.78	0.2821	59	1.0	6.47	0.25	1555	1.02	6.09	0.3416	14	1.02	4.15	0.0	213	1.08	6.45	0.2963	53	1.0	6.83	0.375	40	1.0	6.04	0.2857	87	0.99	7.47	0.5	42	0.99	5.74	0.4	35	1.01	5.35	0.2857	0	NA	NA	NA	10	1.0	6.44	1.0	2	1.0	8.31	0.0	15	1.09	7.47	0.0	3	1.05	19.16	0.0	7	1.0	5.45	0.5	0	NA	NA	NA	5	1.0	10.18	0.0	"40685:Salix:genus;238069:Saliceae:tribe;3688:Salicaceae:family;3646:Malpighiales:order;91835:fabids:clade;71275:rosids:clade;1437201:Pentapetalae:clade;91827:Gunneridae:clade;71240:eudicotyledons:clade;1437183:Mesangiospermae:clade;3398:Magnoliopsida:class;58024:Spermatophyta:clade;78536:Euphyllophyta:clade;58023:Tracheophyta:clade;3193:Embryophyta:clade;131221:Streptophytina:subphylum;35493:Streptophyta:phylum;33090:Viridiplantae:kingdom;2759:Eukaryota:domain;131567:cellular organisms:cellular root;1:root:no rank"
13398	"Carex"	45150	1.2387	5.9236	0.5167	563	2.2	5.79	0.2899	323	1.39	5.58	0.2292	594	2.63	6.19	0.2286	745	2.69	6.26	0.1379	858	3.77	6.97	0.2241	55	1.58	6.2	0.0	23	1.17	5.0	0.0	350	1.52	5.99	0.3043	112	1.19	4.8	0.3684	764	1.08	6.05	0.3579	54	1.07	6.61	0.0	407	1.01	6.02	0.6889	217	1.09	6.02	0.2647	41	0.99	6.4	0.4	361	1.0	6.28	0.4865	122	1.0	6.55	0.7	118	1.04	5.88	0.3125	86	1.04	6.0	0.4286	103	1.02	6.34	0.2222	85	1.0	6.21	0.4286	104	1.0	5.73	0.0833	96	1.06	6.39	0.2	87	1.05	5.94	0.3333	678	1.05	6.18	0.4127	47	1.0	5.38	0.3333	224	1.0	5.3	0.5357	503	1.01	5.96	0.5088	543	1.02	6.62	0.3443	240	1.01	5.7	0.3478	317	1.02	6.37	0.3889	10037	1.05	5.41	0.6552	12966	1.06	5.42	0.6262	2040	1.51	6.27	0.5129	1960	1.62	6.32	0.4	287	1.01	6.91	0.4286	312	1.0	6.55	0.5152	67	1.08	6.32	0.6	240	1.02	6.47	0.4167	38	2.12	8.28	0.2	55	2.64	7.59	0.2667	70	2.33	7.63	0.0476	37	2.08	9.62	0.0	61	2.87	8.95	0.0769	29	2.32	7.96	0.3333	189	1.77	6.61	0.2632	70	1.12	7.2	0.5714	89	1.23	9.4	0.2667	72	1.29	10.18	0.0833	274	1.13	6.74	0.3636	198	1.06	6.25	0.2857	1624	1.02	6.05	0.5269	364	1.1	6.89	0.4048	144	1.03	7.05	0.4118	231	1.04	6.95	0.4865	422	1.04	7.02	0.3429	126	1.2	6.93	0.3077	28	1.8	9.92	1.0	28	1.0	4.68	0.0	148	1.07	6.18	0.48	312	1.15	7.71	0.4167	52	1.13	7.46	0.5	85	1.0	5.83	0.7059	83	1.06	7.43	0.8571	283	1.02	6.53	0.6452	33	1.0	5.92	0.3333	24	1.0	7.67	0.5	29	0.99	4.56	0.5	247	1.01	7.23	0.6087	10	1.0	4.73	0.25	143	1.02	6.86	0.4	190	1.01	5.96	0.5455	262	1.02	6.53	0.5385	230	1.49	6.66	0.0968	86	1.11	6.04	0.5	23	1.0	7.61	0.0	35	1.0	5.97	0.0	216	1.03	6.69	0.2069	357	1.11	6.13	0.3409	52	1.46	6.87	0.0	197	1.07	6.9	0.5	212	1.2	7.29	0.2812	63	1.21	7.61	0.2	176	1.8	8.79	0.2381	111	1.73	9.35	0.0769	112	1.06	7.12	0.375	49	1.09	8.61	0.1667	20	1.03	5.82	1.0	180	1.01	6.98	0.4444	22	1.62	7.2	0.1667	33	1.04	5.6	0.4	140	1.07	6.49	0.4	17	0.99	4.64	0.5	11	1.04	8.75	0.0	11	1.09	3.98	0.0	0	NA	NA	NA	3	1.0	13.49	0.0	8	1.0	4.9	0.0	0	NA	NA	NA	6	1.0	6.5	0.0	0	NA	NA	NA	1	1.0	11.52	0.0	"13398:Carex:genus;986155:Cariceae:tribe;986140:Cyperoideae:subfamily;4609:Cyperaceae:family;38820:Poales:order;4734:commelinids:clade;1437197:Petrosaviidae:subclass;4447:Liliopsida:clade;1437183:Mesangiospermae:clade;3398:Magnoliopsida:class;58024:Spermatophyta:clade;78536:Euphyllophyta:clade;58023:Tracheophyta:clade;3193:Embryophyta:clade;131221:Streptophytina:subphylum;35493:Streptophyta:phylum;33090:Viridiplantae:kingdom;2759:Eukaryota:domain;131567:cellular organisms:cellular root;1:root:no rank"
3504	"Betula"	42630	1.0183	4.9175	0.4735	3150	1.02	4.37	0.5305	1640	1.01	4.46	0.4302	4154	1.02	4.44	0.4636	4773	1.02	4.48	0.4633	6841	1.02	4.39	0.5107	148	1.01	5.1	0.3913	19	1.04	4.57	0.5	1174	1.01	4.72	0.3758	314	1.0	4.96	0.3019	3755	1.02	4.84	0.4652	81	1.01	6.05	0.6154	715	1.02	5.29	0.5904	327	1.02	5.22	0.5556	73	1.0	5.62	0.3636	379	1.0	5.39	0.5306	55	1.0	5.13	0.4286	60	1.0	6.03	0.4545	21	0.99	5.42	0.0	47	1.0	6.99	0.5	20	0.99	5.76	0.25	24	1.0	5.51	0.6667	26	1.01	7.1	0.3333	28	1.01	6.11	0.6	806	1.01	5.47	0.4839	68	1.01	5.38	0.5714	67	1.0	5.67	0.4615	459	1.0	5.42	0.5102	365	1.02	5.77	0.3889	176	1.01	5.7	0.32	251	1.02	5.23	0.2941	136	1.01	4.93	0.6316	298	1.03	5.02	0.7297	1442	1.02	5.29	0.5	1408	1.0	5.33	0.3889	279	1.01	5.85	0.3182	205	1.01	5.7	0.4583	24	0.99	4.0	1.0	248	1.0	5.39	0.4231	3	1.0	7.3	1.0	22	1.01	6.28	0.0	10	1.0	5.04	0.5	9	1.0	3.84	0.3333	2	1.0	8.85	0.0	0	NA	NA	NA	74	1.0	5.65	0.4286	39	0.99	6.91	0.0	44	1.01	5.1	0.6	33	1.0	4.5	0.5	60	0.99	6.2	0.5	53	1.0	6.08	0.375	782	1.02	5.49	0.618	299	1.02	5.24	0.4839	81	1.02	5.26	0.4	103	1.02	6.92	0.4286	267	1.03	5.33	0.375	88	1.0	5.08	0.4545	28	1.0	6.58	0.25	72	0.99	6.06	0.6667	1794	1.03	5.78	0.4976	150	1.0	6.72	0.5333	21	1.04	7.63	0.0	11	1.0	5.46	0.0	66	1.0	6.6	0.375	182	1.05	5.92	0.5882	29	1.01	6.65	0.6667	234	1.01	5.54	0.4211	231	1.01	5.11	0.303	248	1.01	6.66	0.32	12	1.0	4.85	0.0	162	1.0	6.2	0.3333	71	1.01	4.86	0.4286	186	1.01	6.1	0.375	141	0.99	5.56	0.2632	70	1.08	6.38	0.3333	10	1.0	5.02	1.0	10	1.01	8.6	0.0	200	1.02	6.03	0.2692	1341	1.04	5.49	0.4936	42	1.01	4.91	0.5	264	1.05	5.43	0.6	339	1.02	5.73	0.4412	48	1.0	5.92	0.75	75	1.05	6.55	0.0	49	1.0	6.47	0.4	31	1.0	5.84	0.0	380	1.03	5.25	0.5128	2	1.0	3.76	0.0	29	1.1	6.25	0.0	22	0.99	4.23	1.0	7	1.0	4.71	1.0	29	0.99	6.15	0.6667	9	1.02	4.98	0.0	4	1.0	6.43	0.0	1	1.0	1.69	0.0	0	NA	NA	NA	0	NA	NA	NA	3	1.0	4.47	0.0	0	NA	NA	NA	0	NA	NA	NA	0	NA	NA	NA	2	1.0	6.85	0.0	"3504:Betula:genus;3514:Betulaceae:family;3502:Fagales:order;91835:fabids:clade;71275:rosids:clade;1437201:Pentapetalae:clade;91827:Gunneridae:clade;71240:eudicotyledons:clade;1437183:Mesangiospermae:clade;3398:Magnoliopsida:class;58024:Spermatophyta:clade;78536:Euphyllophyta:clade;58023:Tracheophyta:clade;3193:Embryophyta:clade;131221:Streptophytina:subphylum;35493:Streptophyta:phylum;33090:Viridiplantae:kingdom;2759:Eukaryota:domain;131567:cellular organisms:cellular root;1:root:no rank"
3761	"Geum"	23176	1.0136	4.0904	0.439	637	1.0	3.42	0.5652	410	1.01	3.2	0.4054	695	1.01	3.58	0.5179	889	1.02	3.53	0.472	1965	1.02	3.33	0.4333	56	1.0	4.02	0.3333	3	1.0	9.28	0.0	222	1.01	3.72	0.3043	51	1.01	3.6	0.25	804	1.0	3.72	0.4312	61	1.0	4.11	0.1429	1251	1.0	4.07	0.575	703	1.02	4.1	0.369	159	1.01	4.72	0.3478	892	1.03	4.08	0.5474	273	0.99	4.28	0.4222	264	1.01	4.13	0.3333	58	1.0	3.75	0.5385	71	1.0	3.45	0.3	145	0.99	4.02	0.2593	145	1.0	3.79	0.1429	108	1.0	4.11	0.1538	109	1.0	4.02	0.5294	761	1.01	4.17	0.4884	74	1.0	4.33	0.1667	148	1.0	4.23	0.3333	1710	1.01	4.21	0.4818	1035	1.01	4.22	0.3879	608	1.01	4.08	0.2658	768	1.01	4.37	0.3238	385	1.01	4.18	0.6136	662	1.01	4.14	0.5312	1240	1.03	4.3	0.5571	1361	1.03	4.47	0.3943	203	0.99	4.47	0.25	502	1.02	4.3	0.4545	35	0.99	4.59	0.2	168	1.0	3.94	0.3667	14	1.01	5.04	0.0	26	1.07	5.1	0.5	9	1.54	6.86	0.0	9	1.0	5.18	0.0	9	1.02	4.57	0.0	7	1.02	3.39	0.0	127	1.01	4.32	0.28	73	1.01	4.42	0.5	98	0.99	4.46	0.25	82	1.0	4.48	0.3333	293	1.0	4.48	0.383	222	1.02	4.61	0.3333	349	1.02	4.71	0.5714	98	0.99	4.46	0.3077	37	1.0	5.45	0.2857	65	1.0	5.07	0.5455	131	1.01	5.06	0.3684	40	1.01	3.91	0.5714	12	1.02	6.15	0.0	39	0.99	3.86	0.4286	30	0.99	4.08	0.3333	118	1.02	4.67	0.3889	16	1.0	5.07	0.5	5	1.03	2.84	0.5	70	1.02	4.89	0.3636	108	1.0	4.55	0.3636	17	0.99	3.53	0.25	17	1.0	4.69	0.3333	13	1.01	4.44	0.5	184	1.02	4.62	0.5417	13	1.0	4.53	0.0	104	1.05	3.8	0.2632	56	1.0	4.44	0.6667	149	1.0	4.57	0.5263	99	1.0	4.36	0.2727	47	1.0	4.85	0.5	8	1.0	5.03	0.0	12	1.0	4.72	0.0	26	0.99	4.8	0.5	377	1.05	4.44	0.3846	23	0.99	2.98	0.6667	35	1.01	6.67	0.2857	57	1.0	5.27	0.25	20	0.99	4.34	0.3333	91	1.06	4.61	0.4615	44	1.02	5.07	0.3333	11	1.0	4.83	0.5	4	1.29	14.16	0.0	0	NA	NA	NA	27	1.03	5.43	0.6667	8	1.0	4.15	0.5	3	1.0	4.56	0.0	3	1.0	9.22	0.0	5	1.0	5.7	0.5	1	1.0	11.49	0.0	0	NA	NA	NA	0	NA	NA	NA	0	NA	NA	NA	1	1.0	8.91	0.0	1	1.0	2.11	1.0	0	NA	NA	NA	0	NA	NA	NA	2	1.0	5.71	0.0	"3761:Geum:genus;721790:Colurieae:tribe;171638:Rosoideae:subfamily;3745:Rosaceae:family;3744:Rosales:order;91835:fabids:clade;71275:rosids:clade;1437201:Pentapetalae:clade;91827:Gunneridae:clade;71240:eudicotyledons:clade;1437183:Mesangiospermae:clade;3398:Magnoliopsida:class;58024:Spermatophyta:clade;78536:Euphyllophyta:clade;58023:Tracheophyta:clade;3193:Embryophyta:clade;131221:Streptophytina:subphylum;35493:Streptophyta:phylum;33090:Viridiplantae:kingdom;2759:Eukaryota:domain;131567:cellular organisms:cellular root;1:root:no rank"
3325	"Larix"	19475	1.0119	4.0598	0.4099	748	1.0	3.54	0.4646	381	1.01	3.72	0.3651	750	1.0	3.67	0.3333	855	1.01	3.49	0.3932	1792	1.01	3.63	0.4682	87	1.05	4.67	0.3529	22	0.99	3.74	0.25	1530	1.01	3.76	0.3834	348	0.99	3.73	0.3469	6096	1.02	3.91	0.4325	142	1.0	4.24	0.2963	1037	1.01	4.41	0.45	414	1.0	4.37	0.4062	115	1.0	4.35	0.4167	423	1.01	4.61	0.5938	41	0.99	4.63	0.25	69	1.01	4.3	0.375	28	1.0	6.06	0.3333	30	0.99	4.82	0.0	34	1.02	5.47	0.3333	29	1.03	5.98	0.4	42	0.99	4.61	0.3333	34	1.03	4.65	0.2	187	1.0	4.44	0.5417	32	1.01	4.68	0.6667	18	1.0	4.69	0.0	216	1.0	4.73	0.5714	253	1.01	4.49	0.1944	116	0.99	4.26	0.2308	139	1.0	4.42	0.3043	85	1.01	3.98	0.375	168	1.02	4.4	0.4091	322	1.01	4.27	0.5357	377	1.01	4.35	0.4894	19	1.0	5.38	0.6667	112	1.0	4.85	0.25	6	1.0	3.82	0.0	18	0.99	5.28	0.3333	15	1.0	6.31	0.25	14	1.0	7.34	0.0	11	1.0	5.34	0.0	9	1.0	5.99	0.0	7	1.0	9.84	0.0	3	1.0	9.45	0.0	40	1.0	5.92	0.4	16	1.0	5.07	0.0	37	1.02	5.06	0.25	18	0.99	4.73	0.0	38	1.01	5.9	0.1667	31	1.02	6.23	0.2	122	1.01	5.3	0.0	139	1.02	4.22	0.2667	48	1.01	4.8	0.3333	71	1.0	4.96	0.3333	56	1.0	5.08	0.1667	24	1.0	5.08	0.0	7	1.0	5.53	1.0	62	1.01	4.68	0.5	12	1.0	5.01	0.0	39	1.0	5.7	0.5	9	1.02	6.9	0.0	3	1.0	2.84	0.0	50	1.12	3.68	1.0	28	0.99	6.19	0.5	10	0.99	3.45	0.0	18	1.0	6.06	0.0	14	1.0	3.6	0.2	70	1.0	4.98	0.6	4	1.0	4.67	0.0	45	1.01	5.09	0.3333	42	0.99	4.43	0.8	329	1.01	4.15	0.619	60	1.0	5.28	0.0	14	1.0	5.08	0.3333	3	1.0	1.81	0.0	3	1.0	1.72	0.0	19	1.01	5.9	0.6667	285	1.01	3.96	0.3864	16	1.18	6.34	0.0	35	1.03	4.03	0.0	72	0.99	6.04	0.3333	13	1.0	4.36	0.0	27	1.0	5.42	0.2	19	0.99	5.08	0.0	13	0.99	7.93	0.0	35	1.0	5.96	0.1667	16	1.17	6.5	0.0	99	1.02	3.92	0.3	16	1.01	4.85	0.0	30	1.0	4.38	0.0	65	0.99	4.51	0.125	10	1.0	3.05	1.0	14	1.01	5.55	0.0	1	1.0	1.61	0.0	33	1.26	2.73	0.0	18	1.0	3.05	0.0	1	1.0	21.96	0.0	0	NA	NA	NA	2	1.0	16.75	0.0	0	NA	NA	NA	0	NA	NA	NA	"3325:Larix:genus;3318:Pinaceae:family;1446380:Pinales:order;2821352:Conifers I:clade;3313:Pinidae:subclass;58019:Pinopsida:class;1437180:Acrogymnospermae:clade;58024:Spermatophyta:clade;78536:Euphyllophyta:clade;58023:Tracheophyta:clade;3193:Embryophyta:clade;131221:Streptophytina:subphylum;35493:Streptophyta:phylum;33090:Viridiplantae:kingdom;2759:Eukaryota:domain;131567:cellular organisms:cellular root;1:root:no rank"
43174	"Pedicularis"	16975	1.0314	6.0611	0.4435	413	1.0	4.69	0.5417	240	1.01	5.0	0.3929	696	1.02	5.08	0.4127	746	1.02	4.92	0.3478	1220	1.03	4.64	0.4955	21	1.19	5.28	0.3333	10	1.07	4.17	0.0	160	1.01	5.44	0.3889	28	1.02	6.51	0.0	479	1.03	5.66	0.5714	14	1.23	6.2	0.0	588	1.03	5.52	0.42	238	1.01	5.81	0.35	82	0.99	5.77	0.3333	451	1.03	6.0	0.5455	89	1.0	6.21	0.2727	100	1.01	6.49	0.5455	23	1.0	5.32	1.0	30	1.28	6.7	0.5	40	0.99	5.73	1.0	42	1.0	6.13	0.0	54	1.0	7.59	0.3333	55	1.04	7.1	0.2	919	1.04	6.56	0.5	151	1.0	5.84	0.5625	45	1.04	6.7	0.5714	1281	1.02	5.75	0.4537	511	1.02	6.54	0.4815	267	1.02	5.97	0.28	345	1.01	6.38	0.3214	314	0.99	5.59	0.4667	347	1.01	5.42	0.6667	1290	1.03	6.33	0.4348	1024	1.04	6.28	0.3294	249	1.03	6.13	0.5	305	1.0	6.35	0.375	93	1.02	5.73	0.2778	207	1.03	5.91	0.25	6	1.0	6.66	0.0	23	1.75	8.94	0.3333	11	1.27	9.91	1.0	7	2.58	10.78	0.0	5	1.0	11.52	0.0	0	NA	NA	NA	140	1.11	6.57	0.6667	19	1.01	4.79	0.0	77	1.12	6.63	0.6	61	1.15	7.92	0.25	83	1.11	6.28	0.2	55	1.13	7.44	0.0	808	1.04	6.92	0.5738	88	1.0	7.36	0.6	48	1.01	7.25	0.5	65	1.01	6.76	0.0	123	1.02	6.22	0.625	41	1.01	7.61	0.5	5	1.0	6.41	1.0	468	1.03	7.2	0.4483	15	1.12	9.08	0.0	90	1.04	7.16	0.4444	24	1.14	8.75	0.0	0	NA	NA	NA	93	1.04	6.75	0.4286	95	1.02	7.17	0.75	18	0.99	4.98	0.0	25	1.02	9.81	0.0	26	1.02	7.16	1.0	172	1.05	7.57	0.4167	8	1.0	5.6	0.0	145	1.02	7.27	0.125	66	1.01	6.55	0.4444	148	1.01	6.38	0.5	72	1.1	6.51	0.5	24	1.0	7.51	0.5	6	1.0	5.24	0.0	11	1.01	7.33	0.0	39	0.99	6.95	1.0	429	1.04	7.49	0.4615	10	1.09	8.5	1.0	54	1.32	8.11	0.5	32	1.09	6.45	0.0	6	1.0	7.89	0.0	18	1.17	9.01	0.3333	19	1.31	9.72	0.2	6	1.0	6.96	0.0	5	1.34	5.27	0.0	0	NA	NA	NA	3	1.0	4.17	1.0	4	1.0	9.14	0.0	3	1.0	6.8	1.0	4	1.0	8.86	0.0	1	1.0	3.43	0.0	0	NA	NA	NA	0	NA	NA	NA	0	NA	NA	NA	0	NA	NA	NA	0	NA	NA	NA	0	NA	NA	NA	4	1.42	5.86	0.0	0	NA	NA	NA	0	NA	NA	NA	"43174:Pedicularis:genus;1325730:Pedicularideae:tribe;91896:Orobanchaceae:family;4143:Lamiales:order;91888:lamiids:clade;71274:asterids:clade;1437201:Pentapetalae:clade;91827:Gunneridae:clade;71240:eudicotyledons:clade;1437183:Mesangiospermae:clade;3398:Magnoliopsida:class;58024:Spermatophyta:clade;78536:Euphyllophyta:clade;58023:Tracheophyta:clade;3193:Embryophyta:clade;131221:Streptophytina:subphylum;35493:Streptophyta:phylum;33090:Viridiplantae:kingdom;2759:Eukaryota:domain;131567:cellular organisms:cellular root;1:root:no rank"
3257	"Equisetum"	15508	1.0776	4.771	0.5005	512	1.02	3.86	0.52	333	1.14	5.01	0.3478	860	1.02	3.7	0.4275	995	1.02	3.69	0.471	1101	1.03	3.68	0.4539	32	1.25	6.71	0.4	5	1.19	7.52	1.0	276	1.03	4.4	0.4333	44	1.0	4.28	0.3636	789	1.01	3.88	0.5221	30	1.24	4.73	0.1429	293	1.02	4.25	0.6154	156	1.07	4.47	0.25	46	1.01	5.01	0.5	253	1.02	4.42	0.4444	34	0.99	4.72	0.5	50	1.0	3.91	0.375	17	1.47	6.13	0.5	27	1.15	4.89	0.0	18	1.0	6.3	0.0	13	1.0	5.91	0.3333	20	0.99	4.79	0.0	21	1.0	3.72	0.0	747	1.09	4.81	0.5596	44	1.01	4.18	0.25	50	1.0	4.04	0.5	249	1.01	4.4	0.48	166	1.06	5.11	0.28	110	1.01	4.38	0.3333	151	1.03	4.36	0.3333	378	1.01	5.03	0.5873	2172	1.11	5.1	0.6819	829	1.04	4.67	0.5221	643	1.02	4.91	0.4713	188	1.03	5.37	0.5385	139	1.21	5.47	0.5714	30	1.0	5.07	0.2	147	1.03	5.34	0.5789	8	1.38	5.98	0.0	16	0.99	5.7	1.0	0	NA	NA	NA	0	NA	NA	NA	0	NA	NA	NA	0	NA	NA	NA	67	1.05	6.5	0.6667	23	1.0	4.45	0.5	30	1.19	5.91	0.3333	23	1.1	5.75	0.2	53	0.99	4.04	0.625	23	0.99	3.58	1.0	114	1.01	5.76	0.5556	87	1.0	4.83	0.6667	130	1.02	5.49	0.5294	218	1.04	5.96	0.5333	140	1.01	4.36	0.5789	25	1.0	5.18	0.3333	12	1.0	4.34	1.0	48	1.0	4.9	0.4286	20	1.0	5.39	0.4	188	1.04	5.0	0.4762	11	1.0	5.52	0.0	0	NA	NA	NA	25	1.09	5.29	0.6667	209	1.09	5.03	0.52	7	1.0	3.73	0.0	36	1.0	4.47	0.75	38	1.04	5.68	0.8	202	1.07	5.46	0.52	0	NA	NA	NA	68	1.0	5.46	0.2857	48	1.0	4.8	0.3333	176	1.04	5.59	0.4286	79	1.31	8.65	0.4667	34	1.05	4.47	0.6667	0	NA	NA	NA	7	1.0	6.9	0.0	81	1.06	5.73	0.5	185	1.05	5.49	0.4348	16	1.6	9.58	0.25	41	1.7	9.61	0.6667	99	2.94	10.55	0.2222	22	1.21	8.68	0.0	111	2.07	9.64	0.2632	74	2.13	8.91	0.0909	8	1.15	4.29	0.0	10	1.0	6.06	0.0	11	1.2	5.19	1.0	380	1.06	5.23	0.4507	14	1.47	10.23	0.0	57	1.0	4.16	0.2857	224	1.03	5.25	0.4	15	1.01	4.34	0.0	27	1.01	5.05	1.0	0	NA	NA	NA	0	NA	NA	NA	0	NA	NA	NA	0	NA	NA	NA	0	NA	NA	NA	0	NA	NA	NA	0	NA	NA	NA	0	NA	NA	NA	"3257:Equisetum:genus;3256:Equisetaceae:family;3255:Equisetales:order;1521258:Equisetidae:subclass;241806:Polypodiopsida:class;78536:Euphyllophyta:clade;58023:Tracheophyta:clade;3193:Embryophyta:clade;131221:Streptophytina:subphylum;35493:Streptophyta:phylum;33090:Viridiplantae:kingdom;2759:Eukaryota:domain;131567:cellular organisms:cellular root;1:root:no rank"
3515	"Alnus"	12013	1.0519	4.4729	0.4381	711	1.03	4.17	0.5253	275	1.03	4.28	0.4872	480	1.05	4.0	0.4	551	1.06	4.08	0.4366	691	1.05	4.19	0.5	48	1.0	4.05	0.2	18	1.42	5.54	0.6667	1172	1.12	4.22	0.4286	326	1.04	4.37	0.3488	1588	1.08	4.38	0.4343	59	1.02	4.26	0.3636	253	1.02	4.58	0.5714	201	1.05	4.06	0.4516	29	1.03	4.01	0.0	122	1.01	4.83	0.5385	21	1.01	4.16	0.5	41	1.03	5.11	0.2857	17	1.01	3.94	0.3333	29	1.02	4.57	0.25	26	0.99	4.01	0.3333	34	1.04	3.46	1.0	20	1.0	4.52	0.0	20	1.01	4.44	0.0	769	1.02	3.33	0.0231	17	0.99	6.96	1.0	30	1.01	3.8	0.5455	453	1.03	4.56	0.537	111	0.99	4.51	0.4	73	1.01	4.54	0.7143	95	1.02	4.79	0.6667	29	1.01	6.68	1.0	49	1.01	5.36	0.75	189	1.03	4.46	0.6429	372	1.09	5.02	0.381	50	1.04	4.85	0.2857	44	0.99	4.68	0.5714	9	1.0	4.2	0.0	34	1.01	4.54	0.0	14	1.05	5.38	0.0	8	1.01	6.16	0.0	5	1.0	4.58	0.0	5	1.0	3.77	0.0	3	1.0	3.09	0.5	0	NA	NA	NA	69	1.0	4.25	0.6667	79	1.02	5.13	0.5714	42	1.02	5.95	0.2857	31	1.01	5.79	0.2222	31	1.01	5.82	0.75	17	1.0	4.79	0.5	692	1.04	5.02	0.4928	136	1.02	4.74	0.55	20	1.02	5.41	0.25	31	1.0	4.58	0.25	66	1.0	5.89	0.625	52	1.02	6.12	0.6	20	1.09	7.66	0.0	40	1.04	4.93	1.0	22	0.99	5.18	0.5	90	1.02	5.06	0.6667	10	1.0	8.6	0.0	2	1.0	4.02	0.0	43	1.02	6.38	0.75	45	1.04	4.91	0.375	19	1.02	6.08	1.0	13	1.0	5.1	0.0	16	1.0	5.55	0.0	81	1.0	4.23	0.4615	10	1.0	4.62	0.0	78	1.01	4.74	0.2	20	1.0	4.37	0.0	54	1.03	4.64	0.5	29	1.0	4.13	0.5	43	1.0	3.79	0.4	2	1.0	10.68	0.0	6	1.0	8.46	0.0	25	1.0	4.79	1.0	379	1.08	5.24	0.4286	16	1.01	6.03	0.5	36	1.01	5.03	0.6667	40	1.0	6.44	0.2	9	1.0	6.03	0.0	22	1.01	5.62	0.0	18	1.0	6.02	0.0	26	1.12	5.16	0.5	89	1.05	5.66	0.6	7	1.2	3.41	0.3333	62	1.03	5.28	0.3333	4	1.0	2.6	0.0	206	1.14	4.78	0.7222	63	1.05	4.71	0.3333	2	1.0	4.64	0.0	5	1.0	2.36	1.0	0	NA	NA	NA	0	NA	NA	NA	0	NA	NA	NA	1	1.01	4.92	0.0	0	NA	NA	NA	2	1.0	6.5	0.0	0	NA	NA	NA	1	1.0	6.13	0.0	"3515:Alnus:genus;3514:Betulaceae:family;3502:Fagales:order;91835:fabids:clade;71275:rosids:clade;1437201:Pentapetalae:clade;91827:Gunneridae:clade;71240:eudicotyledons:clade;1437183:Mesangiospermae:clade;3398:Magnoliopsida:class;58024:Spermatophyta:clade;78536:Euphyllophyta:clade;58023:Tracheophyta:clade;3193:Embryophyta:clade;131221:Streptophytina:subphylum;35493:Streptophyta:phylum;33090:Viridiplantae:kingdom;2759:Eukaryota:domain;131567:cellular organisms:cellular root;1:root:no rank"
46326	"Eriophorum"	7421	1.0113	4.9809	0.5394	254	1.02	4.15	0.5135	98	1.0	4.38	0.5385	307	1.02	3.96	0.5349	341	1.02	4.55	0.4386	350	1.01	4.17	0.5	10	1.03	5.89	0.0	1	1.0	4.17	0.0	151	1.0	4.25	0.7222	34	1.01	4.55	0.6667	317	1.01	4.7	0.52	29	0.99	4.93	0.0	492	1.01	4.97	0.6441	209	1.01	5.16	0.5227	57	1.01	4.44	0.5	376	1.01	5.15	0.6	34	1.0	4.5	1.0	62	1.01	5.75	0.25	27	1.0	5.48	0.75	32	1.0	5.57	0.4286	34	1.0	5.23	1.0	33	1.0	5.04	0.625	37	1.0	4.65	0.0	32	1.01	5.24	0.25	293	1.02	5.22	0.5714	39	1.0	3.84	0.6	45	1.04	5.19	0.2857	302	1.0	4.8	0.4615	230	1.0	5.41	0.625	129	1.0	5.42	0.65	167	1.0	5.46	0.4444	155	0.99	5.1	0.6875	326	1.01	4.99	0.7414	422	1.01	5.24	0.4884	254	1.01	5.03	0.5758	73	0.99	4.97	0.1818	185	1.01	5.47	0.4615	16	1.0	4.6	0.0	65	1.0	5.57	0.3333	4	1.0	8.61	0.0	6	1.0	4.14	0.5	4	1.0	11.93	0.0	2	1.0	8.45	0.0	2	1.0	5.7	0.0	0	NA	NA	NA	64	1.01	5.02	0.4444	44	1.0	4.79	0.6667	53	1.0	5.03	0.3333	47	1.0	4.9	0.3333	66	0.99	5.89	0.2727	53	0.99	5.74	0.2857	139	1.01	5.11	0.7222	44	1.01	4.92	1.0	22	0.99	4.21	0.0	44	1.0	4.54	0.5714	56	0.99	5.44	0.0	16	1.0	6.29	0.0	6	1.02	5.01	0.6667	15	1.0	4.48	0.75	7	1.0	4.78	0.0	42	1.0	5.72	0.7143	11	1.0	6.38	1.0	3	1.0	3.98	0.0	34	1.0	5.47	0.0	35	1.22	5.13	0.6667	8	1.0	4.87	1.0	8	1.0	6.23	1.0	7	1.0	5.0	0.5	74	1.01	5.47	0.8182	3	1.0	5.67	0.0	27	0.99	6.48	0.6	22	1.01	3.98	0.5	54	1.0	6.22	0.8571	26	1.01	5.71	0.4	15	1.01	5.8	0.5	3	1.0	8.83	0.0	3	1.0	4.89	1.0	30	1.0	4.58	1.0	81	1.06	5.37	0.6667	4	1.0	4.39	0.0	27	0.99	5.2	0.75	34	1.42	7.23	0.5	2	1.0	10.54	0.0	12	1.01	5.84	1.0	9	0.99	7.98	0.0	2	1.0	5.44	1.0	2	1.0	4.74	0.0	3	1.0	3.19	0.0	48	1.01	5.28	0.4	4	1.0	4.34	0.0	9	1.01	5.61	0.5	52	1.0	5.59	0.625	8	1.01	4.88	0.0	3	1.0	7.82	0.0	0	NA	NA	NA	0	NA	NA	NA	0	NA	NA	NA	1	1.0	3.68	0.0	0	NA	NA	NA	1	1.0	11.49	0.0	0	NA	NA	NA	2	1.0	7.3	0.0	"46326:Eriophorum:genus;986141:Scirpeae:tribe;986140:Cyperoideae:subfamily;4609:Cyperaceae:family;38820:Poales:order;4734:commelinids:clade;1437197:Petrosaviidae:subclass;4447:Liliopsida:clade;1437183:Mesangiospermae:clade;3398:Magnoliopsida:class;58024:Spermatophyta:clade;78536:Euphyllophyta:clade;58023:Tracheophyta:clade;3193:Embryophyta:clade;131221:Streptophytina:subphylum;35493:Streptophyta:phylum;33090:Viridiplantae:kingdom;2759:Eukaryota:domain;131567:cellular organisms:cellular root;1:root:no rank"
13749	"Vaccinium"	6155	1.0065	4.6887	0.4567	477	1.01	4.23	0.3934	317	1.0	4.46	0.2609	589	0.99	4.23	0.5063	678	1.0	4.13	0.5109	1634	1.01	3.94	0.5588	35	1.09	5.21	0.3333	3	1.0	5.33	0.0	36	1.01	6.68	0.3333	9	1.0	4.04	0.0	172	1.01	4.77	0.5882	11	1.0	4.67	0.0	38	0.99	6.02	0.6667	18	1.0	5.75	0.0	2	1.0	3.68	0.0	25	1.0	4.7	0.0	5	1.0	4.23	0.0	6	1.0	3.38	0.0	10	1.13	8.81	0.0	5	1.0	8.29	1.0	10	0.99	6.35	0.0	11	1.0	8.46	0.0	6	1.0	6.5	0.0	7	1.0	4.07	0.0	26	1.0	5.5	0.6667	2	1.0	8.38	0.0	5	1.0	10.31	0.5	79	0.99	5.71	0.8571	102	1.0	5.21	0.5385	33	1.0	5.05	0.25	41	0.99	5.27	0.2	9	1.0	4.32	0.5	15	1.0	6.46	0.0	57	1.01	5.44	0.4286	78	1.02	5.56	0.1429	49	0.99	5.45	0.8	72	1.0	5.61	0.5	1	1.0	3.81	0.0	46	1.0	4.9	0.25	1	1.0	22.91	0.0	8	1.0	10.7	0.6667	5	1.06	16.58	0.0	4	1.0	9.99	0.0	1	1.0	10.16	0.0	3	1.0	11.8	0.0	6	1.02	10.31	0.0	4	1.0	5.41	0.0	3	1.0	9.51	0.0	2	1.0	11.29	0.0	27	1.0	5.22	0.3333	17	1.0	4.65	0.0	195	1.0	5.0	0.4	17	1.0	7.39	0.5	27	1.0	5.82	0.0	40	1.01	5.23	0.0	28	1.0	8.1	0.2	0	NA	NA	NA	0	NA	NA	NA	2	1.0	6.47	0.0	1	1.0	3.23	0.0	49	1.0	5.69	0.5	10	0.99	4.82	0.0	1	1.0	2.46	0.0	14	1.0	5.1	0.25	27	1.19	4.63	0.2	6	1.0	6.61	0.0	8	1.0	5.25	0.0	11	1.01	4.8	0.5	15	0.99	8.42	0.3333	1	1.0	2.5	0.0	30	1.0	5.09	0.4	9	1.0	4.83	0.0	26	1.0	5.71	1.0	60	1.0	6.01	0.2857	25	1.0	5.07	0.3333	9	1.0	6.14	0.0	8	1.0	6.63	0.0	82	1.01	5.9	0.5	464	1.0	4.78	0.4167	10	1.0	8.13	0.0	12	1.0	9.48	0.0	29	1.04	5.29	1.0	16	1.0	5.57	0.3333	36	1.19	8.72	0.4	17	1.23	8.08	0.5	8	1.0	11.57	0.0	11	1.0	6.81	0.3333	1	1.0	1.97	0.0	27	0.99	6.43	1.0	4	1.0	4.37	1.0	1	1.0	2.86	0.0	11	1.01	7.28	0.0	2	1.0	4.1	1.0	0	NA	NA	NA	1	1.0	0.81	0.0	0	NA	NA	NA	0	NA	NA	NA	2	1.0	10.17	0.0	0	NA	NA	NA	1	1.0	4.93	0.0	0	NA	NA	NA	1	1.0	3.03	0.0	"13749:Vaccinium:genus;217062:Vaccinieae:tribe;217037:Vaccinioideae:subfamily;4345:Ericaceae:family;41945:Ericales:order;71274:asterids:clade;1437201:Pentapetalae:clade;91827:Gunneridae:clade;71240:eudicotyledons:clade;1437183:Mesangiospermae:clade;3398:Magnoliopsida:class;58024:Spermatophyta:clade;78536:Euphyllophyta:clade;58023:Tracheophyta:clade;3193:Embryophyta:clade;131221:Streptophytina:subphylum;35493:Streptophyta:phylum;33090:Viridiplantae:kingdom;2759:Eukaryota:domain;131567:cellular organisms:cellular root;1:root:no rank"
13342	"Arbutus"	3927	1.0048	4.4611	0.4667	481	1.01	4.22	0.4468	419	1.0	4.22	0.48	522	1.0	4.13	0.4531	581	1.0	4.2	0.4865	995	1.01	4.18	0.5182	17	1.0	4.72	0.0	0	NA	NA	NA	53	1.01	4.96	0.5	15	1.0	4.08	1.0	234	1.01	4.52	0.5217	3	1.0	4.58	0.0	84	1.0	5.16	0.375	27	1.0	6.2	0.0	5	1.02	5.89	0.5	28	1.0	6.17	1.0	6	1.0	6.37	0.0	5	1.0	4.54	0.0	0	NA	NA	NA	2	1.0	7.34	0.0	1	1.0	11.52	0.0	0	NA	NA	NA	2	1.0	5.82	0.0	1	1.0	18.85	0.0	17	1.0	6.17	0.0	3	1.0	4.07	0.0	1	1.0	1.01	0.0	39	1.0	5.68	0.0	21	1.01	4.44	0.0	13	1.0	5.35	1.0	14	1.01	6.8	0.0	13	1.01	6.17	0.0	44	1.01	4.54	1.0	30	1.0	5.24	0.0	38	0.99	6.05	1.0	4	1.0	7.46	0.0	6	1.0	6.28	0.0	0	NA	NA	NA	4	1.0	6.51	0.0	0	NA	NA	NA	0	NA	NA	NA	1	1.0	4.14	0.0	2	1.0	12.48	0.0	0	NA	NA	NA	0	NA	NA	NA	1	1.0	1.94	0.0	4	1.0	8.33	0.0	2	1.0	2.62	0.0	2	1.0	1.56	0.0	4	1.0	8.5	0.0	4	1.0	4.39	0.0	18	1.03	5.28	1.0	6	1.0	5.64	0.0	1	1.0	2.27	0.0	1	1.0	20.24	0.0	4	1.0	13.18	0.0	2	1.0	7.47	0.0	0	NA	NA	NA	11	1.01	4.28	0.0	2	1.0	5.18	0.0	2	1.0	9.64	0.0	1	1.0	4.23	1.0	0	NA	NA	NA	3	1.0	3.53	0.0	4	1.0	6.59	1.0	5	1.0	3.93	1.0	2	1.0	4.06	0.0	2	1.0	5.44	0.0	6	1.0	4.41	1.0	1	1.0	1.38	0.0	15	1.0	7.78	0.0	5	1.0	2.86	0.5	18	1.0	4.9	0.0	7	1.0	5.82	0.0	6	1.0	6.08	0.0	0	NA	NA	NA	0	NA	NA	NA	3	1.0	10.71	0.0	23	1.0	6.27	1.0	3	1.0	2.76	0.0	0	NA	NA	NA	5	1.0	7.95	0.0	2	1.0	6.28	1.0	2	1.0	7.33	0.0	0	NA	NA	NA	0	NA	NA	NA	1	1.0	2.71	0.0	2	1.0	8.27	0.0	6	1.0	10.14	0.0	1	1.0	3.44	0.0	1	1.0	2.46	0.0	6	1.0	5.01	0.0	0	NA	NA	NA	1	1.0	5.91	0.0	0	NA	NA	NA	0	NA	NA	NA	0	NA	NA	NA	1	1.0	13.36	0.0	0	NA	NA	NA	0	NA	NA	NA	0	NA	NA	NA	0	NA	NA	NA	"13342:Arbutus:genus;217033:Arbutoideae:subfamily;4345:Ericaceae:family;41945:Ericales:order;71274:asterids:clade;1437201:Pentapetalae:clade;91827:Gunneridae:clade;71240:eudicotyledons:clade;1437183:Mesangiospermae:clade;3398:Magnoliopsida:class;58024:Spermatophyta:clade;78536:Euphyllophyta:clade;58023:Tracheophyta:clade;3193:Embryophyta:clade;131221:Streptophytina:subphylum;35493:Streptophyta:phylum;33090:Viridiplantae:kingdom;2759:Eukaryota:domain;131567:cellular organisms:cellular root;1:root:no rank"
137670	"Bistorta"	3905	1.0086	4.1997	0.4719	121	1.0	3.91	0.3125	68	1.03	3.09	0.4615	205	1.01	3.77	0.3226	227	1.01	3.82	0.2727	225	1.0	3.79	0.6	9	1.76	6.61	0.0	0	NA	NA	NA	30	0.99	4.91	1.0	12	1.01	3.57	0.0	223	1.02	4.12	0.4706	6	1.0	4.5	0.0	82	1.0	3.89	0.3333	41	0.99	4.12	1.0	8	1.0	3.28	1.0	78	1.02	4.39	0.5833	46	1.05	4.52	0.6	43	1.0	4.0	0.4286	5	1.04	3.72	1.0	23	0.99	4.45	0.5	27	1.0	3.58	1.0	27	1.0	4.02	0.5	16	1.0	3.39	0.0	23	1.0	4.39	0.5	59	1.0	3.82	0.5714	26	1.0	4.88	0.0	30	1.0	4.36	1.0	320	1.01	4.2	0.5476	280	1.01	4.42	0.3404	129	1.0	4.3	0.381	157	1.0	4.48	0.4375	29	1.01	3.72	0.3333	52	1.02	4.0	0.5455	176	1.01	3.97	0.48	132	1.02	4.44	0.4737	34	1.0	4.23	0.0	69	1.0	4.5	0.5714	8	1.0	4.81	0.0	23	1.01	5.16	0.5	0	NA	NA	NA	5	1.0	4.58	0.0	17	0.99	3.94	0.6667	14	1.01	4.3	0.0	2	1.0	4.04	0.0	2	1.0	4.04	0.0	22	1.01	4.14	0.1667	15	1.0	4.78	1.0	19	1.0	3.7	1.0	6	1.0	7.0	0.5	19	0.99	3.64	0.25	15	1.0	3.56	0.0	112	1.0	4.4	0.5385	17	1.06	5.07	0.6667	14	1.0	3.35	0.5	21	0.99	5.39	0.5	20	0.99	4.77	0.5	2	1.0	4.81	0.0	0	NA	NA	NA	1	1.0	2.15	0.0	10	1.0	7.22	1.0	86	1.0	4.29	0.5556	1	1.0	1.72	0.0	0	NA	NA	NA	18	0.99	3.67	1.0	42	1.0	5.73	0.7143	7	1.0	3.44	1.0	23	1.0	4.26	0.25	27	1.0	4.73	0.25	26	1.0	4.79	0.4	2	1.0	3.7	0.0	23	0.99	3.7	0.4	15	1.0	4.89	0.0	43	1.0	5.14	0.7143	19	1.01	4.61	1.0	7	1.0	2.79	1.0	2	1.0	2.14	0.0	5	1.03	3.95	0.5	52	1.0	5.6	0.6	38	1.0	3.94	0.75	4	1.0	5.22	0.0	18	1.0	3.91	0.5	9	1.0	4.98	0.0	3	1.0	4.14	0.0	13	1.0	3.02	1.0	6	1.0	5.08	0.5	0	NA	NA	NA	13	1.0	4.5	0.5	0	NA	NA	NA	0	NA	NA	NA	0	NA	NA	NA	0	NA	NA	NA	0	NA	NA	NA	1	1.0	6.01	0.0	0	NA	NA	NA	0	NA	NA	NA	0	NA	NA	NA	0	NA	NA	NA	0	NA	NA	NA	0	NA	NA	NA	0	NA	NA	NA	0	NA	NA	NA	0	NA	NA	NA	"137670:Bistorta:genus;1110384:Persicarieae:tribe;1110380:Polygonoideae:subfamily;3615:Polygonaceae:family;3524:Caryophyllales:order;1437201:Pentapetalae:clade;91827:Gunneridae:clade;71240:eudicotyledons:clade;1437183:Mesangiospermae:clade;3398:Magnoliopsida:class;58024:Spermatophyta:clade;78536:Euphyllophyta:clade;58023:Tracheophyta:clade;3193:Embryophyta:clade;131221:Streptophytina:subphylum;35493:Streptophyta:phylum;33090:Viridiplantae:kingdom;2759:Eukaryota:domain;131567:cellular organisms:cellular root;1:root:no rank"
3798	"Saxifraga"	3408	1.0168	4.5283	0.4217	38	1.0	3.32	0.3333	59	1.0	3.14	0.125	36	1.0	4.17	0.6	46	1.01	3.87	0.5	67	0.99	3.76	0.5	11	1.12	6.36	0.0	0	NA	NA	NA	21	1.09	4.37	0.0	10	1.0	4.23	0.5	54	1.01	5.19	0.5	2	1.0	2.69	0.0	107	1.03	4.46	0.7143	89	1.01	4.69	0.2143	15	1.0	4.06	0.5	137	1.01	4.3	0.5	93	1.0	4.14	0.2308	81	1.06	4.0	0.4375	13	1.01	4.49	0.5	24	1.05	4.09	0.5	32	0.99	4.78	0.1667	45	1.0	4.23	0.0	12	1.0	3.93	1.0	15	1.0	4.03	0.5	91	1.0	4.65	0.4545	16	1.01	4.22	0.0	17	1.01	5.59	0.0	298	1.0	4.5	0.5882	236	1.0	4.12	0.3125	129	1.0	4.05	0.2273	168	1.02	4.12	0.3462	51	1.02	4.97	0.5556	104	1.02	5.22	0.6	241	1.01	4.5	0.64	245	1.02	4.74	0.4483	32	1.0	4.35	0.5	97	1.02	4.89	0.2857	7	1.0	3.43	0.5	23	1.04	4.95	0.5	2	1.0	5.3	0.0	3	1.0	3.34	0.0	15	1.0	3.26	0.0	11	1.0	4.25	0.0	1	1.0	6.9	0.0	0	NA	NA	NA	15	1.0	5.18	0.3333	9	1.0	4.4	0.5	17	0.99	3.5	0.0	16	1.0	4.95	1.0	28	1.09	6.1	0.0	23	1.01	5.73	0.3333	45	1.0	5.17	0.5	18	1.0	6.0	0.5	4	1.0	3.68	0.0	8	1.0	3.81	0.0	32	1.0	5.31	1.0	4	1.0	5.26	0.0	1	1.0	3.79	0.0	5	1.0	4.65	0.0	6	1.0	3.94	0.0	31	1.01	4.83	1.0	5	1.0	4.56	0.0	0	NA	NA	NA	15	1.0	4.95	0.0	25	1.05	6.0	0.0	6	1.0	4.75	0.0	7	1.0	4.47	1.0	12	1.0	4.15	0.3333	26	1.01	4.9	1.0	3	1.0	5.66	0.0	15	1.0	4.05	0.4	17	1.0	5.56	1.0	33	1.0	5.83	0.75	53	1.14	4.84	0.1875	15	1.0	4.96	0.3333	3	1.0	5.4	0.0	0	NA	NA	NA	7	1.0	5.44	0.0	22	0.99	5.15	0.5	21	1.03	3.12	0.0	3	1.37	7.39	0.0	15	1.33	5.94	0.0	5	0.99	2.18	0.0	15	1.25	8.11	0.0	11	1.04	9.2	0.5	1	1.0	1.81	0.0	3	1.96	10.2	0.0	0	NA	NA	NA	2	1.0	3.18	0.0	8	1.0	2.13	0.0	0	NA	NA	NA	1	1.0	3.17	0.0	3	1.0	2.41	0.0	0	NA	NA	NA	0	NA	NA	NA	0	NA	NA	NA	0	NA	NA	NA	0	NA	NA	NA	0	NA	NA	NA	0	NA	NA	NA	0	NA	NA	NA	0	NA	NA	NA	"3798:Saxifraga:genus;3032193:Saxifrageae:tribe;3792:Saxifragaceae:family;41946:Saxifragales:order;1437201:Pentapetalae:clade;91827:Gunneridae:clade;71240:eudicotyledons:clade;1437183:Mesangiospermae:clade;3398:Magnoliopsida:class;58024:Spermatophyta:clade;78536:Euphyllophyta:clade;58023:Tracheophyta:clade;3193:Embryophyta:clade;131221:Streptophytina:subphylum;35493:Streptophyta:phylum;33090:Viridiplantae:kingdom;2759:Eukaryota:domain;131567:cellular organisms:cellular root;1:root:no rank"
20400	"Astragalus"	3272	1.0175	4.9413	0.4388	4	1.0	8.78	0.0	30	1.04	5.94	0.25	8	1.0	6.01	0.0	17	1.0	7.12	0.3333	47	1.07	4.63	0.7143	12	1.0	6.23	0.0	8	1.03	4.06	1.0	166	1.0	4.38	0.5484	35	1.01	4.14	0.8	126	1.01	4.16	0.6	13	1.36	5.44	0.0	41	1.0	4.34	0.5	30	1.13	5.76	0.0	2	1.0	3.2	1.0	44	0.99	5.27	0.5556	16	1.0	4.49	0.3333	15	1.0	4.54	0.0	11	1.0	5.07	0.0	20	0.99	4.85	0.3333	10	1.01	3.55	0.0	12	1.01	3.99	0.0	8	1.0	6.16	0.0	11	1.0	4.11	0.0	77	1.01	4.65	0.5833	8	1.0	4.37	0.0	6	1.0	5.0	0.0	169	1.03	4.76	0.5	132	1.04	4.69	0.3333	59	1.01	5.34	0.2222	66	1.03	4.64	0.4545	48	1.0	4.55	0.4286	83	1.05	4.52	0.5	378	1.01	5.06	0.55	173	1.01	4.93	0.3846	25	0.99	4.5	0.5	84	1.01	4.95	0.6667	6	1.0	4.22	0.0	15	1.17	4.05	0.4	5	1.0	4.36	0.0	12	1.0	6.13	0.0	5	1.0	8.19	0.0	4	1.0	4.36	0.0	8	1.0	5.32	0.0	2	1.0	2.41	0.5	14	1.01	5.29	0.3333	9	1.0	4.77	0.0	12	1.0	5.42	0.5	7	1.0	4.48	0.0	11	1.0	7.95	0.2	8	1.0	8.64	0.0	85	1.0	5.4	0.7143	28	1.0	6.16	0.0	15	1.01	5.31	0.6667	30	1.0	5.5	0.5	40	1.02	4.8	0.6667	11	1.0	5.33	0.5	11	1.0	4.45	1.0	50	1.04	4.33	0.6	15	1.02	4.84	0.0	58	1.0	5.92	0.5	4	1.0	10.15	0.0	29	1.0	5.35	0.5	103	1.01	2.86	0.2	46	1.02	5.86	0.4286	14	0.99	5.9	0.0	10	1.0	4.55	0.5	7	1.0	6.21	0.0	198	1.04	4.58	0.5517	1	1.0	21.95	0.0	36	1.03	5.47	0.5714	11	1.0	5.17	0.5	26	1.0	5.4	0.6667	18	0.99	6.8	0.0	10	1.0	7.46	0.0	2	1.0	2.36	0.0	5	1.02	2.85	0.0	20	1.01	4.99	0.0	91	1.01	4.86	0.5	5	1.0	4.46	0.0	84	1.01	5.9	0.3	27	1.0	6.25	0.0	4	1.0	7.07	0.0	19	1.0	5.58	0.3333	22	1.0	5.93	0.4	4	1.0	3.46	0.0	6	1.0	5.73	0.0	0	NA	NA	NA	0	NA	NA	NA	3	1.0	3.01	0.0	0	NA	NA	NA	4	1.0	5.66	0.0	1	1.0	15.27	0.0	1	1.0	2.54	0.0	0	NA	NA	NA	0	NA	NA	NA	0	NA	NA	NA	2	1.0	13.21	0.0	3	1.08	4.14	0.0	0	NA	NA	NA	0	NA	NA	NA	1	1.0	13.33	0.0	"20400:Astragalus:genus;163728:Galegeae:tribe;2233839:IRL clade:clade;2233838:Hologalegina:clade;2231382:NPAAA clade:clade;2231393:50 kb inversion clade:clade;3814:Papilionoideae:subfamily;3803:Fabaceae:family;72025:Fabales:order;91835:fabids:clade;71275:rosids:clade;1437201:Pentapetalae:clade;91827:Gunneridae:clade;71240:eudicotyledons:clade;1437183:Mesangiospermae:clade;3398:Magnoliopsida:class;58024:Spermatophyta:clade;78536:Euphyllophyta:clade;58023:Tracheophyta:clade;3193:Embryophyta:clade;131221:Streptophytina:subphylum;35493:Streptophyta:phylum;33090:Viridiplantae:kingdom;2759:Eukaryota:domain;131567:cellular organisms:cellular root;1:root:no rank"
759618	"Micranthes"	3197	1.012	5.442	0.4166	16	1.01	4.83	1.0	7	1.0	3.65	0.0	26	1.01	4.93	0.6	28	1.0	5.19	0.3333	39	1.0	4.96	0.5	6	1.0	3.41	0.0	0	NA	NA	NA	13	1.0	5.24	1.0	7	1.0	7.72	0.0	47	1.16	5.27	0.0	20	0.99	5.56	1.0	126	1.02	5.41	0.5385	167	1.01	5.08	0.5455	32	1.0	5.26	0.5	158	1.01	5.58	0.5714	67	1.01	5.51	0.375	87	1.0	6.28	0.4286	4	1.0	4.59	0.0	9	1.08	6.24	1.0	20	1.0	5.2	0.0	26	1.01	5.13	0.5	15	0.99	5.07	0.0	12	1.01	5.18	0.0	322	1.02	5.12	0.3429	23	0.99	5.72	0.0	13	0.99	6.16	0.0	341	1.0	5.42	0.5294	267	1.01	5.38	0.3438	153	1.01	5.36	0.6875	164	1.02	5.88	0.4762	28	1.0	6.42	0.75	46	0.99	5.19	0.6667	111	1.02	5.58	0.3636	219	1.0	5.29	0.4138	17	1.0	5.89	0.0	28	1.0	4.59	0.3333	18	0.99	4.64	0.5	11	1.01	6.38	0.0	2	1.0	7.18	0.0	5	1.0	3.75	0.0	1	1.0	9.82	0.0	1	1.0	5.21	0.0	2	2.52	9.95	0.0	0	NA	NA	NA	23	1.01	5.25	0.2857	14	1.01	4.43	0.5	19	1.01	6.37	0.3333	14	1.0	5.85	0.0	30	1.0	5.97	0.4	27	1.0	5.29	0.3333	27	0.99	5.89	0.6667	15	1.0	5.55	0.0	3	1.0	6.34	0.0	7	1.02	4.59	0.5	24	1.0	5.43	0.0	1	1.0	3.03	1.0	3	1.0	5.24	0.0	10	1.0	4.4	1.0	3	1.13	7.97	0.0	61	1.01	5.68	0.25	12	1.0	8.95	0.0	0	NA	NA	NA	6	1.0	6.46	1.0	14	1.0	5.62	0.5	0	NA	NA	NA	0	NA	NA	NA	2	1.0	5.43	0.0	36	1.0	5.34	0.0	4	1.0	3.44	0.0	12	1.0	5.23	0.3333	12	1.01	4.71	0.0	16	1.01	5.85	0.0	24	1.1	5.02	0.6667	15	1.01	4.61	0.0	2	1.0	3.56	0.0	0	NA	NA	NA	2	1.0	7.15	0.0	23	1.01	6.49	0.0	5	1.0	4.28	0.0	2	1.0	12.3	0.0	6	1.0	6.66	0.0	2	1.16	8.74	0.0	6	1.03	5.43	0.0	5	1.0	9.43	0.0	2	1.0	5.27	0.0	1	1.0	13.14	0.0	0	NA	NA	NA	1	1.0	9.99	0.0	1	1.0	7.02	0.0	0	NA	NA	NA	1	1.0	1.84	0.0	0	NA	NA	NA	0	NA	NA	NA	0	NA	NA	NA	0	NA	NA	NA	0	NA	NA	NA	0	NA	NA	NA	0	NA	NA	NA	0	NA	NA	NA	0	NA	NA	NA	0	NA	NA	NA	"759618:Micranthes:genus;3032187:Micrantheae:tribe;3792:Saxifragaceae:family;41946:Saxifragales:order;1437201:Pentapetalae:clade;91827:Gunneridae:clade;71240:eudicotyledons:clade;1437183:Mesangiospermae:clade;3398:Magnoliopsida:class;58024:Spermatophyta:clade;78536:Euphyllophyta:clade;58023:Tracheophyta:clade;3193:Embryophyta:clade;131221:Streptophytina:subphylum;35493:Streptophyta:phylum;33090:Viridiplantae:kingdom;2759:Eukaryota:domain;131567:cellular organisms:cellular root;1:root:no rank"
3445	"Ranunculus"	3125	1.0381	2.9842	0.1438	6	1.0	2.84	1.0	12	1.57	9.29	0.0	6	1.0	6.04	0.0	12	0.99	6.2	0.0	10	1.0	3.14	0.6	3	1.6	4.74	0.0	0	NA	NA	NA	29	1.02	4.73	0.5	8	1.0	3.19	1.0	124	1.01	4.35	0.3571	3	10.64	11.3	0.0	39	1.0	4.2	0.6	19	1.95	5.34	1.0	3	1.0	1.82	0.0	2295	1.0	2.38	0.0799	1	1.0	1.89	0.0	1	1.0	6.44	0.0	2	1.0	6.5	0.0	2	1.0	4.09	0.0	3	1.0	5.71	0.0	1	1.0	5.06	0.0	2	1.0	4.92	0.0	3	1.0	4.86	0.0	14	1.0	4.35	0.0	1	1.0	5.82	0.0	4	1.0	7.36	1.0	23	1.0	6.5	0.0	20	1.01	4.7	0.6667	9	1.0	3.6	0.0	15	1.0	3.56	0.3333	9	0.99	6.19	0.0	48	1.01	4.04	0.875	22	0.99	3.86	0.3333	36	1.01	4.09	0.2	9	1.0	2.13	0.5	14	1.07	3.91	0.0	8	1.0	4.87	0.0	4	1.0	5.8	1.0	3	1.0	12.25	0.0	0	NA	NA	NA	3	1.0	7.62	0.0	0	NA	NA	NA	3	1.0	6.87	0.0	0	NA	NA	NA	8	1.34	4.58	0.0	2	1.0	2.41	0.0	6	1.41	6.17	0.0	5	1.07	9.57	0.0	13	1.17	6.46	0.0	9	1.0	2.74	0.0	11	1.01	5.7	1.0	9	1.0	4.13	0.0	3	2.52	7.79	0.0	4	1.03	6.36	0.0	7	1.82	6.17	0.0	0	NA	NA	NA	0	NA	NA	NA	2	1.0	8.06	0.0	0	NA	NA	NA	5	1.0	13.09	0.0	2	1.0	12.08	0.0	0	NA	NA	NA	4	1.0	8.03	0.0	8	1.0	4.79	0.0	0	NA	NA	NA	0	NA	NA	NA	0	NA	NA	NA	8	1.0	4.33	0.5	0	NA	NA	NA	1	1.0	4.6	0.0	3	1.0	3.01	0.0	9	1.0	4.0	1.0	8	1.0	5.18	0.5	2	1.0	7.5	0.0	0	NA	NA	NA	0	NA	NA	NA	7	1.0	5.61	0.0	3	1.0	3.82	0.0	3	1.19	5.13	0.0	7	1.94	4.65	0.0	13	1.49	4.66	0.5	3	1.0	2.64	0.0	9	2.2	6.8	0.0	5	2.3	10.21	0.0	8	2.16	4.39	0.0	7	1.2	4.17	1.0	0	NA	NA	NA	32	0.99	3.49	0.3333	0	NA	NA	NA	0	NA	NA	NA	2	1.0	6.67	0.0	0	NA	NA	NA	0	NA	NA	NA	0	NA	NA	NA	4	1.01	1.86	0.0	2	1.0	1.51	0.0	0	NA	NA	NA	0	NA	NA	NA	0	NA	NA	NA	0	NA	NA	NA	62	1.01	2.41	0.0833	"3445:Ranunculus:genus;1463148:Ranunculeae:tribe;1463138:Ranunculoideae:subfamily;3440:Ranunculaceae:family;41768:Ranunculales:order;1437183:Mesangiospermae:clade;3398:Magnoliopsida:class;58024:Spermatophyta:clade;78536:Euphyllophyta:clade;58023:Tracheophyta:clade;3193:Embryophyta:clade;131221:Streptophytina:subphylum;35493:Streptophyta:phylum;33090:Viridiplantae:kingdom;2759:Eukaryota:domain;131567:cellular organisms:cellular root;1:root:no rank"
3764	"Rosa"	2428	1.0089	5.29	0.3757	59	1.01	4.34	0.0	38	1.03	5.72	0.125	75	1.01	3.78	0.3529	70	1.02	5.09	0.6667	113	1.0	3.61	0.5	9	1.0	3.47	0.0	2	1.0	2.71	0.0	154	1.03	4.79	0.5	34	1.0	4.96	0.0	479	1.01	4.38	0.4444	9	1.0	5.0	0.0	191	1.01	4.24	0.5	61	1.03	5.47	0.2857	17	0.99	3.85	1.0	85	1.01	4.43	0.6429	4	1.0	3.87	0.0	15	1.0	5.49	0.0	3	1.0	4.96	0.0	9	1.0	10.24	1.0	1	1.0	4.23	0.0	0	NA	NA	NA	4	1.0	4.29	0.0	5	1.0	6.0	0.0	59	1.0	5.56	0.5556	17	1.0	4.06	0.0	7	1.0	6.01	0.0	75	1.0	5.12	0.75	61	0.99	5.19	0.75	27	1.0	5.62	0.25	31	1.0	4.93	0.0	19	1.01	3.56	0.6667	63	1.0	4.93	0.375	73	1.0	5.2	0.2857	42	1.0	6.19	0.0	9	1.0	4.05	0.0	12	1.01	5.46	0.0	6	1.0	3.39	0.0	4	1.0	4.68	0.0	2	1.0	12.7	0.0	7	1.0	15.04	0.0	2	1.0	8.31	0.0	3	1.0	15.5	0.0	2	1.0	12.33	0.0	1	1.0	27.67	0.0	9	1.0	6.6	0.0	9	1.0	6.92	0.0	9	1.01	6.59	0.0	5	1.0	18.15	0.0	15	1.05	13.34	0.0	10	1.0	15.09	0.0	30	1.01	6.96	0.5	9	1.0	7.14	0.0	2	1.0	3.57	1.0	4	1.0	4.82	0.0	11	1.0	7.82	0.0	2	1.0	12.93	0.0	5	1.0	3.63	0.5	9	1.0	12.71	0.0	3	1.0	10.77	0.0	15	1.01	9.46	0.0	10	1.16	12.84	0.0	1	1.0	3.22	0.0	1	1.0	3.91	0.0	9	1.0	6.01	0.0	1	1.0	1.84	0.0	11	1.0	4.21	0.0	10	1.0	6.53	0.0	9	1.0	6.18	0.0	2	1.0	2.54	0.0	39	1.01	5.38	0.125	6	1.0	4.12	0.0	29	1.02	6.44	0.5	21	1.0	8.15	0.25	4	1.0	6.12	0.0	0	NA	NA	NA	1	1.0	2.46	0.0	12	1.0	4.6	0.4	14	1.0	9.45	0.0	5	1.0	4.22	0.0	15	1.0	6.17	0.5	9	1.04	10.25	0.0	3	1.0	6.75	0.0	10	1.0	9.41	0.0	8	1.0	12.01	0.0	4	1.0	17.79	0.0	4	1.0	14.87	0.0	2	1.0	2.64	0.0	11	1.0	5.63	0.0	1	1.0	25.59	0.0	0	NA	NA	NA	63	1.0	4.57	0.625	1	1.0	7.88	0.0	4	1.0	13.93	0.0	0	NA	NA	NA	1	1.0	17.42	0.0	0	NA	NA	NA	0	NA	NA	NA	0	NA	NA	NA	1	1.0	25.81	0.0	0	NA	NA	NA	0	NA	NA	NA	"3764:Rosa:genus;1176516:Rosoideae incertae sedis:no rank;171638:Rosoideae:subfamily;3745:Rosaceae:family;3744:Rosales:order;91835:fabids:clade;71275:rosids:clade;1437201:Pentapetalae:clade;91827:Gunneridae:clade;71240:eudicotyledons:clade;1437183:Mesangiospermae:clade;3398:Magnoliopsida:class;58024:Spermatophyta:clade;78536:Euphyllophyta:clade;58023:Tracheophyta:clade;3193:Embryophyta:clade;131221:Streptophytina:subphylum;35493:Streptophyta:phylum;33090:Viridiplantae:kingdom;2759:Eukaryota:domain;131567:cellular organisms:cellular root;1:root:no rank"
3468	"Papaver"	1858	1.01	5.115	0.3768	146	1.0	3.63	0.65	92	1.0	4.43	0.0714	105	1.02	4.25	0.4375	128	1.0	4.0	0.36	156	1.01	3.68	0.5882	29	0.99	4.23	0.125	0	NA	NA	NA	100	1.0	4.53	0.3846	22	0.99	3.5	0.5	269	1.0	4.24	0.475	12	0.99	3.56	0.0	38	1.0	3.53	0.2	26	1.0	5.06	0.0	7	1.0	6.5	0.0	30	1.0	4.11	1.0	5	1.0	4.9	1.0	14	1.01	4.29	0.6	4	1.0	4.34	0.0	5	1.0	4.49	0.0	9	1.0	3.93	0.0	11	1.07	3.8	0.3333	0	NA	NA	NA	4	1.18	4.01	1.0	35	1.03	4.31	0.1667	4	1.0	3.06	0.0	3	1.0	11.52	0.5	72	0.99	4.94	0.6667	40	1.01	4.84	0.5	20	1.03	4.75	0.4	25	1.01	6.29	0.4286	44	0.99	5.38	0.4286	11	1.0	9.09	0.0	36	1.0	6.98	0.2	27	1.01	7.78	0.5714	4	1.0	6.15	0.0	17	1.02	7.05	0.5	0	NA	NA	NA	0	NA	NA	NA	0	NA	NA	NA	4	1.0	4.5	0.0	0	NA	NA	NA	3	1.0	5.05	0.0	2	1.0	17.71	0.0	0	NA	NA	NA	6	1.0	14.04	0.0	10	1.01	8.92	0.0	8	1.0	11.94	0.0	0	NA	NA	NA	7	1.0	6.78	0.0	13	1.0	8.49	0.2	15	1.0	7.66	0.5	10	1.08	12.87	0.3333	6	1.0	7.94	0.0	4	1.21	19.96	0.0	16	1.01	13.85	0.0	4	1.0	5.55	0.0	0	NA	NA	NA	7	1.0	10.59	1.0	0	NA	NA	NA	17	1.0	9.54	0.0	4	1.0	3.85	0.0	0	NA	NA	NA	4	1.0	4.05	0.0	11	1.0	7.15	0.3333	0	NA	NA	NA	0	NA	NA	NA	0	NA	NA	NA	11	0.99	4.99	0.5	0	NA	NA	NA	4	1.0	3.49	0.0	6	1.0	4.11	0.0	11	1.0	7.18	0.0	24	1.02	4.4	0.0	4	1.0	6.41	0.0	0	NA	NA	NA	0	NA	NA	NA	8	1.0	6.52	0.0	7	1.0	8.67	0.0	5	1.02	15.02	0.0	7	1.0	3.44	0.25	14	1.52	10.86	0.0	7	1.0	14.16	0.0	15	0.99	6.68	0.0	13	1.2	7.26	0.0	6	1.0	11.26	0.0	0	NA	NA	NA	0	NA	NA	NA	5	1.0	8.68	0.0	5	1.0	7.76	0.0	0	NA	NA	NA	0	NA	NA	NA	0	NA	NA	NA	0	NA	NA	NA	0	NA	NA	NA	0	NA	NA	NA	0	NA	NA	NA	0	NA	NA	NA	5	1.0	7.22	0.0	0	NA	NA	NA	0	NA	NA	NA	0	NA	NA	NA	"3468:Papaver:genus;1462614:Papaveroideae:subfamily;3465:Papaveraceae:family;41768:Ranunculales:order;1437183:Mesangiospermae:clade;3398:Magnoliopsida:class;58024:Spermatophyta:clade;78536:Euphyllophyta:clade;58023:Tracheophyta:clade;3193:Embryophyta:clade;131221:Streptophytina:subphylum;35493:Streptophyta:phylum;33090:Viridiplantae:kingdom;2759:Eukaryota:domain;131567:cellular organisms:cellular root;1:root:no rank"
3689	"Populus"	1651	1.0115	8.8154	0.2964	59	1.01	7.27	1.0	41	1.0	6.75	0.0	32	1.0	6.53	0.3333	32	1.0	7.75	0.0	72	1.0	8.54	0.6	5	1.0	7.77	0.0	0	NA	NA	NA	50	1.0	9.08	0.5	14	1.0	6.03	1.0	116	1.01	9.15	0.4444	5	1.0	10.09	0.0	34	1.0	8.82	0.0	19	1.18	10.67	0.0	3	1.68	6.26	0.0	25	0.99	9.08	0.0	4	1.0	7.65	0.0	8	1.26	7.6	0.5	11	1.0	9.25	0.5	11	1.01	7.6	0.0	8	1.0	4.6	0.3333	8	1.0	8.57	0.0	6	1.0	13.31	0.0	10	1.01	10.37	1.0	70	1.04	7.02	0.25	9	1.0	10.17	1.0	6	1.0	9.62	0.0	40	1.0	9.4	0.0	19	0.99	8.68	0.75	14	0.99	11.6	0.0	12	1.0	7.74	0.0	9	1.0	8.23	0.0	18	0.99	9.0	0.6667	104	1.01	9.02	0.8	65	1.01	8.69	0.6	14	1.0	6.24	0.3333	45	1.01	9.45	0.0	5	1.0	4.77	0.0	15	1.01	8.54	0.0	3	1.0	6.61	1.0	6	1.0	11.46	0.0	8	1.0	17.54	0.0	1	1.0	1.51	0.0	1	1.0	23.59	0.0	2	1.0	6.33	0.0	10	1.0	7.04	0.0	4	1.05	12.5	0.0	10	1.0	9.68	0.0	7	1.0	12.74	0.0	5	1.0	8.19	0.0	5	1.0	9.62	0.0	62	1.0	10.02	0.0	7	0.99	7.15	0.0	8	1.0	11.69	0.0	6	1.0	13.96	0.0	35	1.0	9.3	0.25	16	1.01	10.57	0.5	2	1.0	6.75	0.0	12	1.0	11.17	0.0	25	0.99	7.01	0.6667	29	1.05	8.84	0.0	4	1.0	10.75	0.0	3	1.0	9.88	0.0	9	1.0	11.52	1.0	31	1.04	10.54	0.5	25	1.02	2.74	0.25	2	1.0	11.66	0.0	2	1.0	11.66	0.0	25	1.0	9.63	0.0	1	1.0	4.13	0.0	12	1.0	7.51	0.0	5	1.0	10.27	1.0	20	1.0	9.12	0.0	15	1.0	8.83	0.0	7	1.27	5.39	0.0	1	1.0	6.65	0.0	1	1.0	2.54	0.0	14	0.99	10.11	0.0	37	1.0	10.04	0.0	4	1.0	14.53	0.0	24	1.0	8.24	0.5	27	1.0	9.27	0.0	7	1.03	13.78	0.0	15	1.0	13.0	0.0	10	1.01	9.14	0.0	9	1.0	9.57	0.0	13	0.99	8.91	0.0	1	1.0	16.81	0.0	9	1.0	6.75	0.0	3	1.0	12.1	0.0	1	1.0	4.68	0.0	8	1.0	8.09	0.0	1	1.0	10.69	0.0	3	1.0	7.96	0.0	0	NA	NA	NA	1	1.0	6.4	0.0	4	1.0	8.11	0.0	4	1.0	10.46	0.0	4	1.0	8.05	0.0	6	1.0	7.05	0.0	0	NA	NA	NA	1	1.0	5.38	0.0	"3689:Populus:genus;238069:Saliceae:tribe;3688:Salicaceae:family;3646:Malpighiales:order;91835:fabids:clade;71275:rosids:clade;1437201:Pentapetalae:clade;91827:Gunneridae:clade;71240:eudicotyledons:clade;1437183:Mesangiospermae:clade;3398:Magnoliopsida:class;58024:Spermatophyta:clade;78536:Euphyllophyta:clade;58023:Tracheophyta:clade;3193:Embryophyta:clade;131221:Streptophytina:subphylum;35493:Streptophyta:phylum;33090:Viridiplantae:kingdom;2759:Eukaryota:domain;131567:cellular organisms:cellular root;1:root:no rank"
3137121	"Anemone"	1641	1.0183	4.34	0.4701	0	NA	NA	NA	4	1.0	5.6	0.0	0	NA	NA	NA	0	NA	NA	NA	9	1.34	4.62	0.0	0	NA	NA	NA	0	NA	NA	NA	6	1.0	3.22	0.0	15	1.0	5.01	0.0	23	1.19	3.81	0.6667	0	NA	NA	NA	27	1.0	4.57	0.0	17	1.0	4.89	0.0	7	1.0	4.29	0.0	24	1.0	4.68	0.3333	10	1.0	3.65	0.5	6	1.0	6.4	1.0	3	1.0	4.08	0.0	4	1.0	3.62	0.0	5	1.0	2.88	0.0	2	1.0	7.03	0.0	1	1.0	16.22	0.0	2	1.0	4.62	0.0	52	1.0	3.9	0.625	2	1.0	3.13	0.0	2	1.0	2.5	0.0	39	1.0	4.62	0.25	71	1.0	4.22	0.4	24	1.0	3.7	0.3333	38	1.0	4.51	0.5	75	0.99	3.85	0.4167	724	1.02	4.08	0.5429	98	1.01	4.12	0.9	55	1.0	5.26	0.0	39	1.01	5.55	1.0	25	1.01	4.89	1.0	0	NA	NA	NA	40	1.08	4.86	0.3636	0	NA	NA	NA	2	2.93	9.77	0.0	2	1.0	3.57	0.0	1	1.0	3.48	0.0	1	1.0	13.23	0.0	0	NA	NA	NA	6	1.0	3.34	0.0	1	1.0	12.32	0.0	2	1.0	3.09	0.0	5	1.0	5.3	0.0	4	1.0	4.98	0.0	4	1.0	3.55	0.0	19	1.0	3.72	1.0	8	1.0	4.54	0.0	2	1.0	2.77	0.0	5	1.0	3.23	0.0	9	1.0	4.43	0.0	3	1.0	7.97	0.0	0	NA	NA	NA	3	1.0	3.71	0.0	0	NA	NA	NA	7	1.0	8.13	0.0	1	1.0	0.99	0.0	0	NA	NA	NA	6	1.0	4.88	0.0	6	1.02	4.18	0.0	0	NA	NA	NA	0	NA	NA	NA	0	NA	NA	NA	12	1.0	5.26	1.0	0	NA	NA	NA	1	1.0	3.94	0.0	16	1.01	4.84	0.0	15	1.0	3.88	0.0	5	1.0	8.1	0.6667	2	1.0	7.92	0.0	3	1.0	5.86	0.0	0	NA	NA	NA	0	NA	NA	NA	12	1.0	3.6	0.5	1	1.0	4.69	0.0	1	1.0	2.53	0.0	19	0.99	4.32	0.4286	2	1.08	6.39	0.0	1	1.0	14.79	0.0	2	1.0	8.83	0.0	0	NA	NA	NA	2	1.0	8.74	0.0	0	NA	NA	NA	0	NA	NA	NA	1	1.0	18.28	0.0	0	NA	NA	NA	0	NA	NA	NA	0	NA	NA	NA	0	NA	NA	NA	0	NA	NA	NA	0	NA	NA	NA	0	NA	NA	NA	0	NA	NA	NA	0	NA	NA	NA	0	NA	NA	NA	0	NA	NA	NA	0	NA	NA	NA	"3137121:Anemone:genus;1463147:Anemoneae:tribe;1463138:Ranunculoideae:subfamily;3440:Ranunculaceae:family;41768:Ranunculales:order;1437183:Mesangiospermae:clade;3398:Magnoliopsida:class;58024:Spermatophyta:clade;78536:Euphyllophyta:clade;58023:Tracheophyta:clade;3193:Embryophyta:clade;131221:Streptophytina:subphylum;35493:Streptophyta:phylum;33090:Viridiplantae:kingdom;2759:Eukaryota:domain;131567:cellular organisms:cellular root;1:root:no rank"
3212	"Polytrichum"	1449	1.075	6.5381	0.4396	0	NA	NA	NA	0	NA	NA	NA	58	1.01	2.74	0.25	64	0.99	2.81	0.5833	6	1.0	7.75	0.0	0	NA	NA	NA	0	NA	NA	NA	0	NA	NA	NA	0	NA	NA	NA	5	1.02	9.69	1.0	0	NA	NA	NA	12	1.02	6.94	0.0	15	1.0	6.48	0.0	0	NA	NA	NA	24	1.09	6.46	0.0	28	1.01	6.57	0.75	20	0.99	5.02	0.0	7	1.0	6.65	0.0	6	1.0	9.58	1.0	9	1.0	5.41	0.0	3	1.0	6.32	0.0	7	1.0	5.02	0.0	5	1.0	4.09	0.0	18	1.0	6.56	0.0	0	NA	NA	NA	0	NA	NA	NA	102	1.01	6.25	0.5	63	1.01	5.71	0.4444	30	1.01	6.33	0.5	39	1.01	6.81	0.5	23	1.0	4.98	0.5	46	1.02	7.63	1.0	97	1.02	7.27	0.6	557	1.16	6.88	0.4545	4	1.0	3.91	0.0	8	1.0	9.07	0.0	13	1.0	7.27	0.0	0	NA	NA	NA	0	NA	NA	NA	5	1.0	5.68	0.0	0	NA	NA	NA	0	NA	NA	NA	0	NA	NA	NA	0	NA	NA	NA	0	NA	NA	NA	0	NA	NA	NA	0	NA	NA	NA	0	NA	NA	NA	0	NA	NA	NA	0	NA	NA	NA	7	1.0	9.41	0.0	21	1.0	7.93	1.0	0	NA	NA	NA	0	NA	NA	NA	0	NA	NA	NA	0	NA	NA	NA	0	NA	NA	NA	43	1.01	8.11	0.6	5	1.0	8.62	0.0	11	1.06	5.09	0.5	0	NA	NA	NA	0	NA	NA	NA	0	NA	NA	NA	4	1.0	5.11	0.0	0	NA	NA	NA	0	NA	NA	NA	0	NA	NA	NA	9	1.01	8.04	0.0	3	1.0	8.33	0.5	0	NA	NA	NA	11	1.0	10.68	0.5	16	1.0	6.28	0.5	4	1.0	7.01	0.0	0	NA	NA	NA	0	NA	NA	NA	0	NA	NA	NA	30	0.99	9.27	0.0	0	NA	NA	NA	0	NA	NA	NA	0	NA	NA	NA	0	NA	NA	NA	0	NA	NA	NA	7	1.86	7.74	0.5	4	2.24	7.96	0.0	0	NA	NA	NA	0	NA	NA	NA	0	NA	NA	NA	0	NA	NA	NA	0	NA	NA	NA	0	NA	NA	NA	0	NA	NA	NA	0	NA	NA	NA	0	NA	NA	NA	0	NA	NA	NA	0	NA	NA	NA	0	NA	NA	NA	0	NA	NA	NA	0	NA	NA	NA	0	NA	NA	NA	0	NA	NA	NA	0	NA	NA	NA	"3212:Polytrichum:genus;3211:Polytrichaceae:family;3210:Polytrichales:order;113509:Polytrichopsida:class;404260:Bryophytina:clade;3208:Bryophyta:clade;3193:Embryophyta:clade;131221:Streptophytina:subphylum;35493:Streptophyta:phylum;33090:Viridiplantae:kingdom;2759:Eukaryota:domain;131567:cellular organisms:cellular root;1:root:no rank"
23224	"Spiraea"	1391	1.0108	4.0439	0.4096	52	1.01	3.14	0.2	59	1.0	3.91	0.4	79	0.99	3.59	0.5	79	1.01	3.37	0.5833	64	0.99	4.01	0.4	8	1.27	4.65	0.5	1	1.0	1.48	0.0	87	1.01	3.83	0.2727	30	1.0	3.87	0.5556	252	1.01	3.77	0.3714	7	1.0	3.45	0.0	75	1.0	4.34	1.0	27	0.99	4.13	0.3333	5	1.0	3.01	0.0	25	0.99	3.94	0.3333	7	1.0	3.65	0.0	3	1.0	4.66	0.0	4	1.0	3.53	0.0	1	1.0	5.0	0.0	1	1.0	1.89	0.0	3	1.0	2.11	0.0	0	NA	NA	NA	0	NA	NA	NA	102	1.01	3.96	0.6923	1	1.0	4.52	0.0	2	1.0	5.04	0.0	28	0.99	3.93	0.0	33	1.0	4.27	0.2222	21	1.04	4.36	0.3333	28	1.01	4.16	0.5	8	1.0	4.38	1.0	16	1.0	3.19	0.0	54	1.0	3.79	0.7273	16	1.01	4.2	0.0	3	1.0	5.02	0.0	25	1.0	4.33	0.3333	3	1.0	5.31	0.0	1	1.0	2.91	0.0	0	NA	NA	NA	0	NA	NA	NA	1	1.0	3.69	0.0	1	1.0	3.69	0.0	0	NA	NA	NA	0	NA	NA	NA	7	1.0	4.62	0.0	2	1.0	6.06	1.0	5	1.0	4.53	0.0	3	1.0	3.79	0.0	2	1.0	2.55	1.0	3	1.0	5.05	0.0	13	1.0	3.95	0.0	4	1.77	6.55	1.0	0	NA	NA	NA	3	1.0	6.56	0.0	2	1.14	11.36	0.0	7	1.0	5.5	1.0	0	NA	NA	NA	1	1.0	4.27	0.0	1	1.0	4.43	0.0	5	1.0	6.43	0.0	1	1.0	27.8	0.0	1	1.0	6.08	0.0	6	1.0	4.15	0.0	4	1.0	4.07	0.0	2	1.0	5.85	0.0	0	NA	NA	NA	0	NA	NA	NA	23	1.0	4.25	0.3333	0	NA	NA	NA	4	1.0	4.04	0.0	4	1.0	4.72	0.0	9	1.01	4.99	0.0	6	1.0	5.53	0.0	2	1.0	3.43	0.0	1	1.0	2.22	0.0	2	1.0	3.81	0.0	0	NA	NA	NA	32	1.03	5.04	0.5	1	1.0	1.95	1.0	2	1.0	12.49	0.0	1	1.0	4.19	0.0	2	1.0	10.3	0.0	5	1.71	7.54	0.0	1	1.0	3.21	0.0	0	NA	NA	NA	1	1.0	22.94	0.0	2	1.06	4.4	0.0	4	1.0	7.6	0.0	1	1.0	1.01	0.0	0	NA	NA	NA	2	1.0	10.38	0.0	1	1.0	4.05	0.0	1	1.0	5.75	0.0	0	NA	NA	NA	0	NA	NA	NA	0	NA	NA	NA	0	NA	NA	NA	0	NA	NA	NA	0	NA	NA	NA	0	NA	NA	NA	0	NA	NA	NA	"23224:Spiraea:genus;721808:Spiraeeae:tribe;171637:Amygdaloideae:subfamily;3745:Rosaceae:family;3744:Rosales:order;91835:fabids:clade;71275:rosids:clade;1437201:Pentapetalae:clade;91827:Gunneridae:clade;71240:eudicotyledons:clade;1437183:Mesangiospermae:clade;3398:Magnoliopsida:class;58024:Spermatophyta:clade;78536:Euphyllophyta:clade;58023:Tracheophyta:clade;3193:Embryophyta:clade;131221:Streptophytina:subphylum;35493:Streptophyta:phylum;33090:Viridiplantae:kingdom;2759:Eukaryota:domain;131567:cellular organisms:cellular root;1:root:no rank"
4281	"Cornus"	1324	1.0093	5.477	0.2628	99	1.0	4.82	0.25	52	1.0	4.31	0.2857	227	1.0	4.34	0.2174	248	1.0	4.39	0.3333	109	0.99	4.48	0.5385	0	NA	NA	NA	8	1.16	4.84	0.0	37	1.1	7.53	0.0	19	1.01	5.66	0.0	80	1.08	6.08	0.4615	0	NA	NA	NA	48	1.01	5.01	0.4	23	1.0	6.89	0.3333	5	1.0	5.19	1.0	17	1.0	6.23	1.0	5	1.0	2.86	0.0	0	NA	NA	NA	5	1.08	4.99	0.0	0	NA	NA	NA	0	NA	NA	NA	0	NA	NA	NA	5	1.0	7.43	0.0	0	NA	NA	NA	11	1.0	4.48	0.0	0	NA	NA	NA	0	NA	NA	NA	14	1.0	4.79	0.0	28	1.0	6.87	0.0	8	1.0	6.03	0.5	10	1.0	3.41	0.0	6	1.0	5.28	0.0	9	1.0	6.46	0.0	41	1.0	5.72	0.0	15	1.01	8.54	0.0	0	NA	NA	NA	7	1.0	9.46	0.0	0	NA	NA	NA	0	NA	NA	NA	0	NA	NA	NA	0	NA	NA	NA	0	NA	NA	NA	0	NA	NA	NA	0	NA	NA	NA	0	NA	NA	NA	20	1.0	5.13	0.3333	0	NA	NA	NA	11	1.0	8.68	0.0	0	NA	NA	NA	0	NA	NA	NA	0	NA	NA	NA	12	1.0	8.93	0.0	0	NA	NA	NA	0	NA	NA	NA	6	1.0	8.32	0.0	11	1.0	11.27	0.5	0	NA	NA	NA	0	NA	NA	NA	6	1.0	9.68	0.0	0	NA	NA	NA	7	1.0	15.77	0.0	0	NA	NA	NA	0	NA	NA	NA	0	NA	NA	NA	8	1.0	11.83	0.0	0	NA	NA	NA	0	NA	NA	NA	0	NA	NA	NA	0	NA	NA	NA	0	NA	NA	NA	9	1.0	5.54	1.0	0	NA	NA	NA	13	1.0	7.76	0.0	8	0.99	7.83	0.0	0	NA	NA	NA	0	NA	NA	NA	0	NA	NA	NA	0	NA	NA	NA	13	1.01	6.5	0.0	0	NA	NA	NA	0	NA	NA	NA	27	1.0	9.01	0.25	0	NA	NA	NA	6	1.0	10.17	0.0	0	NA	NA	NA	6	1.0	11.54	0.0	0	NA	NA	NA	0	NA	NA	NA	25	1.03	5.85	0.0	0	NA	NA	NA	0	NA	NA	NA	0	NA	NA	NA	0	NA	NA	NA	0	NA	NA	NA	0	NA	NA	NA	0	NA	NA	NA	0	NA	NA	NA	0	NA	NA	NA	0	NA	NA	NA	0	NA	NA	NA	0	NA	NA	NA	0	NA	NA	NA	"4281:Cornus:genus;42219:Cornaceae:family;41934:Cornales:order;71274:asterids:clade;1437201:Pentapetalae:clade;91827:Gunneridae:clade;71240:eudicotyledons:clade;1437183:Mesangiospermae:clade;3398:Magnoliopsida:class;58024:Spermatophyta:clade;78536:Euphyllophyta:clade;58023:Tracheophyta:clade;3193:Embryophyta:clade;131221:Streptophytina:subphylum;35493:Streptophyta:phylum;33090:Viridiplantae:kingdom;2759:Eukaryota:domain;131567:cellular organisms:cellular root;1:root:no rank"
46322	"Luzula"	1316	1.0108	5.4623	0.3106	11	1.01	7.06	0.0	14	1.18	9.99	0.0	16	1.01	6.06	0.0	13	1.01	5.85	0.0	76	1.01	4.43	0.4444	0	NA	NA	NA	0	NA	NA	NA	15	1.02	6.6	0.0	0	NA	NA	NA	36	1.06	5.51	0.0	3	1.0	2.42	0.0	35	1.0	5.64	0.6667	20	1.02	5.13	0.5	5	1.0	4.82	0.0	62	1.0	5.53	0.1667	19	1.0	4.3	0.0	17	1.0	5.14	0.25	8	1.1	3.93	0.0	13	1.0	4.52	1.0	21	1.0	3.67	0.6667	16	0.99	4.24	0.0	5	1.0	5.64	0.0	4	1.0	6.94	0.0	21	1.0	5.86	0.5	6	1.02	3.57	0.0	7	1.0	2.78	0.0	93	1.0	5.25	0.1667	78	1.0	4.95	0.5	49	1.0	4.54	0.3333	57	0.99	5.05	0.375	42	0.99	4.81	0.75	34	1.0	5.4	1.0	57	1.0	5.89	0.0	167	1.0	5.32	0.3448	4	1.0	6.14	0.0	41	0.99	5.07	0.5	5	1.0	6.42	1.0	4	1.0	3.22	0.0	4	1.01	9.64	0.0	0	NA	NA	NA	0	NA	NA	NA	0	NA	NA	NA	0	NA	NA	NA	0	NA	NA	NA	19	1.0	5.65	0.25	8	1.0	3.31	0.0	8	1.0	5.86	0.0	3	1.0	10.01	0.0	11	1.01	6.5	1.0	4	1.0	4.03	0.0	15	1.01	6.22	0.0	9	1.0	6.36	0.5	0	NA	NA	NA	3	1.0	8.6	0.0	15	1.01	10.85	0.0	3	1.37	5.34	0.0	0	NA	NA	NA	0	NA	NA	NA	2	1.0	16.44	0.0	17	1.0	6.5	0.5	0	NA	NA	NA	0	NA	NA	NA	9	1.02	4.85	0.0	10	1.0	4.71	0.0	0	NA	NA	NA	0	NA	NA	NA	0	NA	NA	NA	15	0.99	5.55	0.0	0	NA	NA	NA	9	1.0	4.72	0.0	0	NA	NA	NA	12	1.0	5.87	0.5	10	1.0	7.68	0.0	5	1.0	4.16	0.0	0	NA	NA	NA	0	NA	NA	NA	8	1.0	6.74	0.0	7	1.0	5.93	0.0	0	NA	NA	NA	4	1.02	7.65	0.0	14	1.23	6.7	1.0	2	1.0	3.33	0.0	6	1.29	8.28	0.0	5	1.3	9.68	0.0	0	NA	NA	NA	0	NA	NA	NA	0	NA	NA	NA	0	NA	NA	NA	1	1.0	4.93	0.0	0	NA	NA	NA	0	NA	NA	NA	4	1.03	11.06	0.0	0	NA	NA	NA	0	NA	NA	NA	0	NA	NA	NA	0	NA	NA	NA	0	NA	NA	NA	0	NA	NA	NA	0	NA	NA	NA	0	NA	NA	NA	0	NA	NA	NA	"46322:Luzula:genus;14101:Juncaceae:family;38820:Poales:order;4734:commelinids:clade;1437197:Petrosaviidae:subclass;4447:Liliopsida:clade;1437183:Mesangiospermae:clade;3398:Magnoliopsida:class;58024:Spermatophyta:clade;78536:Euphyllophyta:clade;58023:Tracheophyta:clade;3193:Embryophyta:clade;131221:Streptophytina:subphylum;35493:Streptophyta:phylum;33090:Viridiplantae:kingdom;2759:Eukaryota:domain;131567:cellular organisms:cellular root;1:root:no rank"
4346	"Rhododendron"	1247	1.0041	5.45	0.2706	16	0.99	4.43	0.0	8	1.0	8.99	0.0	28	1.0	3.46	0.6667	40	0.99	5.32	0.5	46	1.0	6.52	0.5	3	1.0	14.0	0.0	0	NA	NA	NA	14	1.0	5.64	0.0	4	1.0	9.98	0.0	41	1.0	6.12	0.125	2	1.0	3.59	0.0	8	1.0	4.41	0.0	8	1.0	6.7	0.3333	1	1.0	1.97	1.0	10	1.0	6.39	0.0	14	1.01	4.71	0.5	3	1.0	3.2	0.0	0	NA	NA	NA	25	1.0	5.26	0.0	7	1.0	4.07	0.5	10	1.0	5.83	0.0	1	1.0	13.1	0.0	1	1.0	5.91	0.0	21	1.01	3.83	0.5	0	NA	NA	NA	1	1.0	12.26	0.0	119	1.01	4.85	0.5	82	1.01	4.33	0.25	10	1.0	6.62	0.0	19	1.0	4.88	0.0	5	1.0	11.33	0.0	9	1.0	6.88	1.0	33	1.0	4.95	0.25	381	1.0	4.25	0.2326	2	1.0	2.44	0.0	7	1.0	10.8	0.0	0	NA	NA	NA	3	1.0	3.83	0.0	2	1.0	6.35	0.0	1	1.0	10.1	0.0	1	2.0	18.77	0.0	1	1.0	18.94	0.0	2	1.0	15.07	0.0	0	NA	NA	NA	5	1.0	10.45	0.0	1	1.0	9.61	0.0	1	1.0	1.97	0.0	0	NA	NA	NA	7	1.0	11.3	0.0	4	1.0	12.26	0.0	41	1.0	5.29	0.2	9	1.0	2.93	1.0	3	1.0	14.16	0.0	2	1.0	18.87	0.0	6	1.0	5.22	0.0	1	1.0	3.23	0.0	0	NA	NA	NA	1	1.0	4.87	0.0	1	1.0	5.38	0.0	14	1.0	7.65	0.0	6	1.0	6.12	0.5	0	NA	NA	NA	0	NA	NA	NA	5	1.0	7.05	0.0	2	1.0	4.06	0.0	2	1.0	3.72	0.0	0	NA	NA	NA	4	1.0	3.89	0.5	1	1.0	5.98	0.0	7	1.0	7.29	0.5	2	1.0	4.16	0.0	15	1.0	5.04	1.0	15	0.99	8.36	0.0	4	1.0	9.27	0.0	0	NA	NA	NA	2	1.0	9.56	0.0	21	1.05	5.44	0.4	6	1.0	4.61	0.0	6	1.01	13.27	0.5	7	1.2	13.92	0.0	8	1.0	7.95	0.0	4	1.0	12.8	0.0	13	1.0	11.72	0.0	4	1.0	6.32	0.0	4	1.0	12.61	0.0	8	1.0	7.17	1.0	1	1.0	1.45	0.0	5	1.0	5.07	0.0	2	1.0	2.24	0.0	1	1.0	4.09	0.0	3	1.0	3.86	0.0	1	1.0	9.11	0.0	1	1.0	12.9	0.0	0	NA	NA	NA	1	1.0	2.25	0.0	0	NA	NA	NA	0	NA	NA	NA	0	NA	NA	NA	1	1.0	6.16	0.0	0	NA	NA	NA	0	NA	NA	NA	"4346:Rhododendron:genus;217046:Rhodoreae:tribe;217035:Ericoideae:subfamily;4345:Ericaceae:family;41945:Ericales:order;71274:asterids:clade;1437201:Pentapetalae:clade;91827:Gunneridae:clade;71240:eudicotyledons:clade;1437183:Mesangiospermae:clade;3398:Magnoliopsida:class;58024:Spermatophyta:clade;78536:Euphyllophyta:clade;58023:Tracheophyta:clade;3193:Embryophyta:clade;131221:Streptophytina:subphylum;35493:Streptophyta:phylum;33090:Viridiplantae:kingdom;2759:Eukaryota:domain;131567:cellular organisms:cellular root;1:root:no rank"
95629	"Andromeda"	1028	1.0048	4.0346	0.535	172	1.0	3.66	0.4815	37	0.99	3.93	0.4	181	1.0	4.42	0.6129	228	1.01	4.2	0.5306	285	1.01	3.71	0.6154	2	1.0	2.63	1.0	0	NA	NA	NA	7	1.0	5.08	0.0	3	1.0	3.46	1.0	30	1.0	3.94	0.3333	1	1.0	2.44	0.0	3	1.0	3.09	1.0	1	1.0	4.68	0.0	0	NA	NA	NA	4	1.0	3.05	0.0	1	1.0	5.04	0.0	0	NA	NA	NA	0	NA	NA	NA	0	NA	NA	NA	3	1.0	6.76	1.0	1	1.0	3.98	1.0	1	1.0	4.13	0.0	2	1.0	3.57	0.0	3	1.0	4.47	0.0	1	1.0	2.95	1.0	1	1.0	3.02	1.0	0	NA	NA	NA	3	1.04	3.35	1.0	6	1.01	4.07	0.0	11	1.0	6.52	0.6	0	NA	NA	NA	1	1.0	1.97	0.0	2	1.0	3.68	0.0	1	1.0	4.68	0.0	0	NA	NA	NA	1	1.0	2.22	0.0	0	NA	NA	NA	0	NA	NA	NA	0	NA	NA	NA	0	NA	NA	NA	1	1.0	1.51	0.0	1	1.0	1.8	0.0	0	NA	NA	NA	0	NA	NA	NA	2	1.0	4.61	1.0	1	1.0	0.92	0.0	1	1.0	3.03	0.0	0	NA	NA	NA	0	NA	NA	NA	0	NA	NA	NA	1	1.0	6.35	0.0	0	NA	NA	NA	0	NA	NA	NA	0	NA	NA	NA	2	1.0	3.86	0.0	1	1.0	11.52	0.0	0	NA	NA	NA	0	NA	NA	NA	0	NA	NA	NA	1	1.0	5.73	0.0	0	NA	NA	NA	0	NA	NA	NA	2	1.0	4.15	0.0	1	1.0	1.21	0.0	0	NA	NA	NA	0	NA	NA	NA	0	NA	NA	NA	0	NA	NA	NA	0	NA	NA	NA	0	NA	NA	NA	0	NA	NA	NA	1	1.0	1.94	0.0	1	1.0	3.22	0.0	0	NA	NA	NA	0	NA	NA	NA	0	NA	NA	NA	0	NA	NA	NA	0	NA	NA	NA	0	NA	NA	NA	0	NA	NA	NA	0	NA	NA	NA	1	1.0	2.96	0.0	1	1.0	5.55	1.0	0	NA	NA	NA	0	NA	NA	NA	1	1.0	14.04	0.0	0	NA	NA	NA	8	1.0	4.72	0.5	0	NA	NA	NA	0	NA	NA	NA	9	1.0	6.06	0.5	0	NA	NA	NA	0	NA	NA	NA	0	NA	NA	NA	0	NA	NA	NA	0	NA	NA	NA	0	NA	NA	NA	0	NA	NA	NA	0	NA	NA	NA	0	NA	NA	NA	0	NA	NA	NA	"95629:Andromeda:genus;217057:Andromedeae:tribe;217037:Vaccinioideae:subfamily;4345:Ericaceae:family;41945:Ericales:order;71274:asterids:clade;1437201:Pentapetalae:clade;91827:Gunneridae:clade;71240:eudicotyledons:clade;1437183:Mesangiospermae:clade;3398:Magnoliopsida:class;58024:Spermatophyta:clade;78536:Euphyllophyta:clade;58023:Tracheophyta:clade;3193:Embryophyta:clade;131221:Streptophytina:subphylum;35493:Streptophyta:phylum;33090:Viridiplantae:kingdom;2759:Eukaryota:domain;131567:cellular organisms:cellular root;1:root:no rank"
